-- MySQL dump 10.13  Distrib 8.0.17, for Linux (x86_64)
--
-- Host: localhost    Database: munakab
-- ------------------------------------------------------
-- Server version	8.0.17

/*!40101 SET @OLD_CHARACTER_SET_CLIENT=@@CHARACTER_SET_CLIENT */;
/*!40101 SET @OLD_CHARACTER_SET_RESULTS=@@CHARACTER_SET_RESULTS */;
/*!40101 SET @OLD_COLLATION_CONNECTION=@@COLLATION_CONNECTION */;
/*!50503 SET NAMES utf8mb4 */;
/*!40103 SET @OLD_TIME_ZONE=@@TIME_ZONE */;
/*!40103 SET TIME_ZONE='+00:00' */;
/*!40014 SET @OLD_UNIQUE_CHECKS=@@UNIQUE_CHECKS, UNIQUE_CHECKS=0 */;
/*!40014 SET @OLD_FOREIGN_KEY_CHECKS=@@FOREIGN_KEY_CHECKS, FOREIGN_KEY_CHECKS=0 */;
/*!40101 SET @OLD_SQL_MODE=@@SQL_MODE, SQL_MODE='NO_AUTO_VALUE_ON_ZERO' */;
/*!40111 SET @OLD_SQL_NOTES=@@SQL_NOTES, SQL_NOTES=0 */;

--
-- Current Database: `munakab`
--

CREATE DATABASE /*!32312 IF NOT EXISTS*/ `munakab` /*!40100 DEFAULT CHARACTER SET utf8mb4 COLLATE utf8mb4_0900_ai_ci */ /*!80016 DEFAULT ENCRYPTION='N' */;

USE `munakab`;

--
-- Table structure for table `categories`
--

DROP TABLE IF EXISTS `categories`;
/*!40101 SET @saved_cs_client     = @@character_set_client */;
/*!50503 SET character_set_client = utf8mb4 */;
CREATE TABLE `categories` (
  `id` int(10) unsigned NOT NULL AUTO_INCREMENT,
  `parent_id` int(10) unsigned DEFAULT NULL,
  `order` int(11) NOT NULL DEFAULT '1',
  `name` varchar(255) CHARACTER SET utf8mb4 COLLATE utf8mb4_unicode_ci NOT NULL,
  `slug` varchar(255) CHARACTER SET utf8mb4 COLLATE utf8mb4_unicode_ci NOT NULL,
  `created_at` timestamp NULL DEFAULT NULL,
  `updated_at` timestamp NULL DEFAULT NULL,
  PRIMARY KEY (`id`),
  UNIQUE KEY `categories_slug_unique` (`slug`),
  KEY `categories_parent_id_foreign` (`parent_id`),
  CONSTRAINT `categories_parent_id_foreign` FOREIGN KEY (`parent_id`) REFERENCES `categories` (`id`) ON DELETE SET NULL ON UPDATE CASCADE
) ENGINE=InnoDB AUTO_INCREMENT=8 DEFAULT CHARSET=utf8mb4 COLLATE=utf8mb4_unicode_ci;
/*!40101 SET character_set_client = @saved_cs_client */;

--
-- Dumping data for table `categories`
--

LOCK TABLES `categories` WRITE;
/*!40000 ALTER TABLE `categories` DISABLE KEYS */;
INSERT INTO `categories` VALUES (1,NULL,1,'Berita Muna','berita-muna','2019-07-09 04:59:04','2019-09-16 16:21:38'),(2,NULL,1,'Berita Perangkat Daerah','berita-perangkat-daerah','2019-07-09 04:59:04','2019-09-16 13:17:42'),(4,NULL,1,'OPD','opd','2019-07-16 12:19:37','2019-07-16 12:19:37'),(5,4,1,'DINAS','dinas','2019-07-16 12:19:49','2019-07-16 12:22:39'),(6,4,2,'BADAN','badan','2019-07-16 12:22:25','2019-07-16 12:22:25'),(7,4,3,'KECAMATAN','kecamatan','2019-07-16 12:22:50','2019-07-16 12:23:02');
/*!40000 ALTER TABLE `categories` ENABLE KEYS */;
UNLOCK TABLES;

--
-- Table structure for table `data_rows`
--

DROP TABLE IF EXISTS `data_rows`;
/*!40101 SET @saved_cs_client     = @@character_set_client */;
/*!50503 SET character_set_client = utf8mb4 */;
CREATE TABLE `data_rows` (
  `id` int(10) unsigned NOT NULL AUTO_INCREMENT,
  `data_type_id` int(10) unsigned NOT NULL,
  `field` varchar(255) CHARACTER SET utf8mb4 COLLATE utf8mb4_unicode_ci NOT NULL,
  `type` varchar(255) CHARACTER SET utf8mb4 COLLATE utf8mb4_unicode_ci NOT NULL,
  `display_name` varchar(255) CHARACTER SET utf8mb4 COLLATE utf8mb4_unicode_ci NOT NULL,
  `required` tinyint(1) NOT NULL DEFAULT '0',
  `browse` tinyint(1) NOT NULL DEFAULT '1',
  `read` tinyint(1) NOT NULL DEFAULT '1',
  `edit` tinyint(1) NOT NULL DEFAULT '1',
  `add` tinyint(1) NOT NULL DEFAULT '1',
  `delete` tinyint(1) NOT NULL DEFAULT '1',
  `details` text CHARACTER SET utf8mb4 COLLATE utf8mb4_unicode_ci,
  `order` int(11) NOT NULL DEFAULT '1',
  PRIMARY KEY (`id`),
  KEY `data_rows_data_type_id_foreign` (`data_type_id`),
  CONSTRAINT `data_rows_data_type_id_foreign` FOREIGN KEY (`data_type_id`) REFERENCES `data_types` (`id`) ON DELETE CASCADE ON UPDATE CASCADE
) ENGINE=InnoDB AUTO_INCREMENT=109 DEFAULT CHARSET=utf8mb4 COLLATE=utf8mb4_unicode_ci;
/*!40101 SET character_set_client = @saved_cs_client */;

--
-- Dumping data for table `data_rows`
--

LOCK TABLES `data_rows` WRITE;
/*!40000 ALTER TABLE `data_rows` DISABLE KEYS */;
INSERT INTO `data_rows` VALUES (1,1,'id','number','ID',1,0,0,0,0,0,NULL,1),(2,1,'name','text','Name',1,1,1,1,1,1,NULL,2),(3,1,'email','text','Email',1,1,1,1,1,1,NULL,3),(4,1,'password','password','Password',1,0,0,1,1,0,NULL,4),(5,1,'remember_token','text','Remember Token',0,0,0,0,0,0,NULL,5),(6,1,'created_at','timestamp','Created At',0,1,1,0,0,0,NULL,6),(7,1,'updated_at','timestamp','Updated At',0,0,0,0,0,0,NULL,7),(8,1,'avatar','image','Avatar',0,1,1,1,1,1,NULL,8),(9,1,'user_belongsto_role_relationship','relationship','Role',0,1,1,1,1,0,'{\"model\":\"TCG\\\\Voyager\\\\Models\\\\Role\",\"table\":\"roles\",\"type\":\"belongsTo\",\"column\":\"role_id\",\"key\":\"id\",\"label\":\"display_name\",\"pivot_table\":\"roles\",\"pivot\":0}',10),(10,1,'user_belongstomany_role_relationship','relationship','Roles',0,1,1,1,1,0,'{\"model\":\"TCG\\\\Voyager\\\\Models\\\\Role\",\"table\":\"roles\",\"type\":\"belongsToMany\",\"column\":\"id\",\"key\":\"id\",\"label\":\"display_name\",\"pivot_table\":\"user_roles\",\"pivot\":\"1\",\"taggable\":\"0\"}',11),(11,1,'settings','hidden','Settings',0,0,0,0,0,0,NULL,12),(12,2,'id','number','ID',1,0,0,0,0,0,NULL,1),(13,2,'name','text','Name',1,1,1,1,1,1,NULL,2),(14,2,'created_at','timestamp','Created At',0,0,0,0,0,0,NULL,3),(15,2,'updated_at','timestamp','Updated At',0,0,0,0,0,0,NULL,4),(16,3,'id','number','ID',1,0,0,0,0,0,NULL,1),(17,3,'name','text','Name',1,1,1,1,1,1,NULL,2),(18,3,'created_at','timestamp','Created At',0,0,0,0,0,0,NULL,3),(19,3,'updated_at','timestamp','Updated At',0,0,0,0,0,0,NULL,4),(20,3,'display_name','text','Display Name',1,1,1,1,1,1,NULL,5),(21,1,'role_id','text','Role',1,1,1,1,1,1,NULL,9),(22,4,'id','number','ID',1,0,0,0,0,0,NULL,1),(23,4,'parent_id','select_dropdown','Parent',0,0,1,1,1,1,'{\"default\":\"\",\"null\":\"\",\"options\":{\"\":\"-- None --\"},\"relationship\":{\"key\":\"id\",\"label\":\"name\"}}',2),(24,4,'order','text','Order',1,1,1,1,1,1,'{\"default\":1}',3),(25,4,'name','text','Name',1,1,1,1,1,1,NULL,4),(26,4,'slug','text','Slug',1,1,1,1,1,1,'{\"slugify\":{\"origin\":\"name\"}}',5),(27,4,'created_at','timestamp','Created At',0,0,1,0,0,0,NULL,6),(28,4,'updated_at','timestamp','Updated At',0,0,0,0,0,0,NULL,7),(29,5,'id','number','ID',1,0,0,0,0,0,'{}',1),(30,5,'author_id','text','Author',1,0,1,1,0,1,'{}',2),(31,5,'category_id','text','Category',0,0,1,1,1,0,'{}',3),(32,5,'title','text','Title',1,1,1,1,1,1,'{}',4),(33,5,'excerpt','text_area','Excerpt',0,0,1,1,1,1,'{}',5),(34,5,'body','rich_text_box','Body',1,0,1,1,1,1,'{}',6),(35,5,'image','image','Post Image',0,1,1,1,1,1,'{\"resize\":{\"width\":\"1000\",\"height\":\"null\"},\"quality\":\"70%\",\"upsize\":true,\"thumbnails\":[{\"name\":\"medium\",\"scale\":\"50%\"},{\"name\":\"small\",\"scale\":\"25%\"},{\"name\":\"cropped\",\"crop\":{\"width\":\"300\",\"height\":\"250\"}}]}',7),(36,5,'slug','text','Slug',1,0,1,1,1,1,'{\"slugify\":{\"origin\":\"title\",\"forceUpdate\":true},\"validation\":{\"rule\":\"unique:posts,slug\"}}',8),(37,5,'meta_description','text_area','Meta Description',0,0,1,1,1,1,'{}',9),(38,5,'meta_keywords','text_area','Meta Keywords',0,0,1,1,1,1,'{}',10),(39,5,'status','select_dropdown','Status',1,1,1,1,1,1,'{\"default\":\"DRAFT\",\"options\":{\"PUBLISHED\":\"published\",\"DRAFT\":\"draft\",\"PENDING\":\"pending\"}}',11),(40,5,'created_at','timestamp','Created At',0,1,1,0,0,0,'{}',12),(41,5,'updated_at','timestamp','Updated At',0,0,0,0,0,0,'{}',13),(42,5,'seo_title','text','SEO Title',0,1,1,1,1,1,'{}',14),(43,5,'featured','checkbox','Featured',1,1,1,1,1,1,'{}',15),(44,6,'id','number','ID',1,0,0,0,0,0,NULL,1),(45,6,'author_id','text','Author',1,0,0,0,0,0,NULL,2),(46,6,'title','text','Title',1,1,1,1,1,1,NULL,3),(47,6,'excerpt','text_area','Excerpt',1,0,1,1,1,1,NULL,4),(48,6,'body','rich_text_box','Body',1,0,1,1,1,1,NULL,5),(49,6,'slug','text','Slug',1,0,1,1,1,1,'{\"slugify\":{\"origin\":\"title\"},\"validation\":{\"rule\":\"unique:pages,slug\"}}',6),(50,6,'meta_description','text','Meta Description',1,0,1,1,1,1,NULL,7),(51,6,'meta_keywords','text','Meta Keywords',1,0,1,1,1,1,NULL,8),(52,6,'status','select_dropdown','Status',1,1,1,1,1,1,'{\"default\":\"INACTIVE\",\"options\":{\"INACTIVE\":\"INACTIVE\",\"ACTIVE\":\"ACTIVE\"}}',9),(53,6,'created_at','timestamp','Created At',1,1,1,0,0,0,NULL,10),(54,6,'updated_at','timestamp','Updated At',1,0,0,0,0,0,NULL,11),(55,6,'image','image','Page Image',0,1,1,1,1,1,NULL,12),(56,7,'id','number','Id',1,0,0,0,0,0,'{}',1),(57,7,'author_id','text','Author Id',1,0,1,1,0,1,'{}',2),(58,7,'category_id','text','Category Id',1,0,0,1,1,0,'{}',3),(59,7,'title','text','Title',1,1,1,1,1,1,'{}',4),(60,7,'excerpt','text_area','Excerpt',0,0,1,1,1,1,'{}',5),(61,7,'welcome_message','rich_text_box','Welcome Message',0,0,1,1,1,1,'{}',6),(62,7,'body','rich_text_box','Body',0,0,1,1,1,1,'{}',7),(63,7,'slug','text','Slug',1,0,1,1,1,1,'{\"slugify\":{\"origin\":\"title\"},\"validation\":{\"rule\":\"unique:opd,slug\"}}',8),(64,7,'meta_description','text','Meta Description',0,0,1,1,1,1,'{}',9),(65,7,'meta_keywords','text','Meta Keywords',0,0,1,1,1,1,'{}',10),(66,7,'status','select_dropdown','Status',1,1,1,1,1,1,'{\"default\":\"PUBLISHED\",\"options\":{\"PUBLISHED\":\"published\",\"DRAFT\":\"draft\",\"PENDING\":\"pending\"}}',11),(67,7,'link','text','Link',0,1,1,1,1,1,'{}',12),(68,7,'user_id','text','User Id',0,0,1,1,1,0,'{}',13),(69,7,'created_at','timestamp','Created At',0,1,1,0,0,0,'{}',14),(70,7,'updated_at','timestamp','Updated At',0,0,0,0,0,0,'{}',15),(72,7,'image','image','Image',0,1,1,1,1,1,'{\"resize\":{\"width\":\"1000\",\"height\":\"null\"},\"quality\":\"70%\",\"upsize\":true,\"thumbnails\":[{\"name\":\"medium\",\"scale\":\"50%\"},{\"name\":\"small\",\"scale\":\"25%\"},{\"name\":\"cropped\",\"crop\":{\"width\":\"300\",\"height\":\"250\"}}]}',16),(76,7,'user_opd','text','User Opd',0,0,1,1,1,0,'{}',17),(77,8,'id','number','Id',1,0,0,0,0,0,'{}',1),(78,8,'user_id','text','User Id',0,0,0,0,0,0,'{}',2),(79,8,'description','text','Description',0,1,1,1,1,1,'{}',3),(80,8,'image','image','Image',0,1,1,1,1,1,'{}',4),(81,8,'created_at','timestamp','Created At',0,1,1,0,0,1,'{}',5),(82,8,'updated_at','timestamp','Updated At',0,0,0,0,0,0,'{}',6),(83,8,'title','text','Title',1,1,1,1,1,1,'{}',7),(84,10,'id','text','Id',1,0,0,0,0,0,'{}',1),(85,10,'title','text','Title',1,1,1,1,1,1,'{}',2),(86,10,'description','rich_text_box','Description',0,1,1,1,1,1,'{}',3),(87,10,'image','image','Image',0,1,1,1,1,1,'{}',4),(88,10,'user_id','text','User Id',0,0,0,0,0,0,'{}',5),(89,10,'created_at','timestamp','Created At',0,1,0,0,0,0,'{}',6),(90,10,'updated_at','timestamp','Updated At',0,0,0,0,0,0,'{}',7),(91,11,'id','text','Id',1,0,0,0,0,0,'{}',1),(92,11,'jabatan','text','Jabatan',1,1,1,1,1,1,'{}',2),(93,11,'nama','text','Nama',1,1,1,1,1,1,'{}',3),(94,11,'tempat_lahir','text','Tempat Lahir',0,0,1,1,1,1,'{}',4),(95,11,'tanggal_lahir','text','Tanggal Lahir',0,0,1,1,1,1,'{}',5),(96,11,'agama','text','Agama',0,0,1,1,1,1,'{}',6),(97,11,'pendidikan_terakhir','text','Pendidikan Terakhir',0,0,1,1,1,1,'{}',7),(98,11,'masa_bakti','text','Masa Bakti',0,0,1,1,1,1,'{}',8),(99,11,'alamat_rumah','text_area','Alamat Rumah',0,0,1,1,1,1,'{}',9),(100,11,'alamat_kantor','text_area','Alamat Kantor',0,0,1,1,1,1,'{}',10),(101,11,'telepon','text','Telepon',0,1,1,1,1,1,'{}',11),(102,11,'email','text','Email',0,1,1,1,1,1,'{}',12),(103,11,'biografi','rich_text_box','Biografi',0,0,1,1,1,1,'{}',13),(104,11,'atasan','text','Atasan',0,0,1,1,1,1,'{}',14),(105,11,'urutan','text','Urutan',0,1,1,1,1,1,'{}',15),(106,11,'image','image','Image',0,1,1,1,1,1,'{}',16),(107,8,'link','text','Link',0,0,1,1,1,1,'{}',8),(108,10,'slug','text','Slug',1,1,1,1,1,1,'{\"slugify\":{\"origin\":\"title\"}}',8);
/*!40000 ALTER TABLE `data_rows` ENABLE KEYS */;
UNLOCK TABLES;

--
-- Table structure for table `data_types`
--

DROP TABLE IF EXISTS `data_types`;
/*!40101 SET @saved_cs_client     = @@character_set_client */;
/*!50503 SET character_set_client = utf8mb4 */;
CREATE TABLE `data_types` (
  `id` int(10) unsigned NOT NULL AUTO_INCREMENT,
  `name` varchar(255) CHARACTER SET utf8mb4 COLLATE utf8mb4_unicode_ci NOT NULL,
  `slug` varchar(255) CHARACTER SET utf8mb4 COLLATE utf8mb4_unicode_ci NOT NULL,
  `display_name_singular` varchar(255) CHARACTER SET utf8mb4 COLLATE utf8mb4_unicode_ci NOT NULL,
  `display_name_plural` varchar(255) CHARACTER SET utf8mb4 COLLATE utf8mb4_unicode_ci NOT NULL,
  `icon` varchar(255) CHARACTER SET utf8mb4 COLLATE utf8mb4_unicode_ci DEFAULT NULL,
  `model_name` varchar(255) CHARACTER SET utf8mb4 COLLATE utf8mb4_unicode_ci DEFAULT NULL,
  `policy_name` varchar(255) CHARACTER SET utf8mb4 COLLATE utf8mb4_unicode_ci DEFAULT NULL,
  `controller` varchar(255) CHARACTER SET utf8mb4 COLLATE utf8mb4_unicode_ci DEFAULT NULL,
  `description` varchar(255) CHARACTER SET utf8mb4 COLLATE utf8mb4_unicode_ci DEFAULT NULL,
  `generate_permissions` tinyint(1) NOT NULL DEFAULT '0',
  `server_side` tinyint(4) NOT NULL DEFAULT '0',
  `details` text CHARACTER SET utf8mb4 COLLATE utf8mb4_unicode_ci,
  `created_at` timestamp NULL DEFAULT NULL,
  `updated_at` timestamp NULL DEFAULT NULL,
  PRIMARY KEY (`id`),
  UNIQUE KEY `data_types_name_unique` (`name`),
  UNIQUE KEY `data_types_slug_unique` (`slug`)
) ENGINE=InnoDB AUTO_INCREMENT=12 DEFAULT CHARSET=utf8mb4 COLLATE=utf8mb4_unicode_ci;
/*!40101 SET character_set_client = @saved_cs_client */;

--
-- Dumping data for table `data_types`
--

LOCK TABLES `data_types` WRITE;
/*!40000 ALTER TABLE `data_types` DISABLE KEYS */;
INSERT INTO `data_types` VALUES (1,'users','users','User','Users','voyager-person','TCG\\Voyager\\Models\\User','TCG\\Voyager\\Policies\\UserPolicy','TCG\\Voyager\\Http\\Controllers\\VoyagerUserController','',1,0,NULL,'2019-07-09 03:48:34','2019-07-09 03:48:34'),(2,'menus','menus','Menu','Menus','voyager-list','TCG\\Voyager\\Models\\Menu',NULL,'','',1,0,NULL,'2019-07-09 03:48:34','2019-07-09 03:48:34'),(3,'roles','roles','Role','Roles','voyager-lock','TCG\\Voyager\\Models\\Role',NULL,'','',1,0,NULL,'2019-07-09 03:48:34','2019-07-09 03:48:34'),(4,'categories','categories','Category','Categories','voyager-categories','TCG\\Voyager\\Models\\Category',NULL,'','',1,0,NULL,'2019-07-09 04:58:58','2019-07-09 04:58:58'),(5,'posts','posts','Post','Posts','voyager-news','TCG\\Voyager\\Models\\Post','App\\Policies\\PostPolicy',NULL,NULL,1,0,'{\"order_column\":null,\"order_display_column\":null,\"order_direction\":\"desc\",\"default_search_key\":null,\"scope\":null}','2019-07-09 04:59:04','2019-07-24 10:00:45'),(6,'pages','pages','Page','Pages','voyager-file-text','TCG\\Voyager\\Models\\Page',NULL,'','',1,0,NULL,'2019-07-09 04:59:07','2019-07-09 04:59:07'),(7,'opd','opd','Opd','Opd','voyager-world','App\\Opd','App\\Policies\\OpdPolicy','App\\Http\\Controllers\\OpdController',NULL,1,0,'{\"order_column\":null,\"order_display_column\":null,\"order_direction\":\"desc\",\"default_search_key\":null,\"scope\":null}','2019-07-09 05:56:19','2019-09-16 13:42:31'),(8,'slider','slider','Slider','Sliders','voyager-photos','App\\Slider',NULL,NULL,NULL,1,0,'{\"order_column\":null,\"order_display_column\":null,\"order_direction\":\"asc\",\"default_search_key\":null,\"scope\":null}','2019-07-26 09:10:57','2019-07-28 11:46:32'),(10,'pengumuman','pengumuman','Pengumuman','Pengumuman','voyager-star','App\\Pengumuman',NULL,NULL,NULL,1,0,'{\"order_column\":null,\"order_display_column\":null,\"order_direction\":\"asc\",\"default_search_key\":null,\"scope\":null}','2019-07-27 00:07:49','2019-09-14 07:21:37'),(11,'struktur_pemerintahan','struktur-pemerintahan','Struktur Pemerintahan','Struktur Pemerintahan','voyager-list-add','App\\StrukturPemerintahan',NULL,'App\\Http\\Controllers\\StrukturPemerintahanController',NULL,1,0,'{\"order_column\":\"urutan\",\"order_display_column\":null,\"order_direction\":\"asc\",\"default_search_key\":null,\"scope\":null}','2019-07-27 02:47:17','2019-07-27 03:17:26');
/*!40000 ALTER TABLE `data_types` ENABLE KEYS */;
UNLOCK TABLES;

--
-- Table structure for table `menu_items`
--

DROP TABLE IF EXISTS `menu_items`;
/*!40101 SET @saved_cs_client     = @@character_set_client */;
/*!50503 SET character_set_client = utf8mb4 */;
CREATE TABLE `menu_items` (
  `id` int(10) unsigned NOT NULL AUTO_INCREMENT,
  `menu_id` int(10) unsigned DEFAULT NULL,
  `title` varchar(255) CHARACTER SET utf8mb4 COLLATE utf8mb4_unicode_ci NOT NULL,
  `url` varchar(255) CHARACTER SET utf8mb4 COLLATE utf8mb4_unicode_ci NOT NULL,
  `target` varchar(255) CHARACTER SET utf8mb4 COLLATE utf8mb4_unicode_ci NOT NULL DEFAULT '_self',
  `icon_class` varchar(255) CHARACTER SET utf8mb4 COLLATE utf8mb4_unicode_ci DEFAULT NULL,
  `color` varchar(255) CHARACTER SET utf8mb4 COLLATE utf8mb4_unicode_ci DEFAULT NULL,
  `parent_id` int(11) DEFAULT NULL,
  `order` int(11) NOT NULL,
  `created_at` timestamp NULL DEFAULT NULL,
  `updated_at` timestamp NULL DEFAULT NULL,
  `route` varchar(255) CHARACTER SET utf8mb4 COLLATE utf8mb4_unicode_ci DEFAULT NULL,
  `parameters` text CHARACTER SET utf8mb4 COLLATE utf8mb4_unicode_ci,
  PRIMARY KEY (`id`),
  KEY `menu_items_menu_id_foreign` (`menu_id`),
  CONSTRAINT `menu_items_menu_id_foreign` FOREIGN KEY (`menu_id`) REFERENCES `menus` (`id`) ON DELETE CASCADE
) ENGINE=InnoDB AUTO_INCREMENT=62 DEFAULT CHARSET=utf8mb4 COLLATE=utf8mb4_unicode_ci;
/*!40101 SET character_set_client = @saved_cs_client */;

--
-- Dumping data for table `menu_items`
--

LOCK TABLES `menu_items` WRITE;
/*!40000 ALTER TABLE `menu_items` DISABLE KEYS */;
INSERT INTO `menu_items` VALUES (1,1,'Dashboard','','_self','voyager-boat',NULL,NULL,1,'2019-07-09 03:48:38','2019-07-09 03:48:38','voyager.dashboard',NULL),(2,1,'Media','','_self','voyager-images',NULL,NULL,4,'2019-07-09 03:48:38','2019-07-10 22:45:16','voyager.media.index',NULL),(3,1,'Users','','_self','voyager-person',NULL,NULL,3,'2019-07-09 03:48:38','2019-07-09 03:48:38','voyager.users.index',NULL),(4,1,'Roles','','_self','voyager-lock',NULL,NULL,2,'2019-07-09 03:48:38','2019-07-09 03:48:38','voyager.roles.index',NULL),(5,1,'Tools','','_self','voyager-tools',NULL,NULL,13,'2019-07-09 03:48:38','2019-07-27 02:47:36',NULL,NULL),(6,1,'Menu Builder','','_self','voyager-list',NULL,5,1,'2019-07-09 03:48:38','2019-07-10 22:45:16','voyager.menus.index',NULL),(7,1,'Database','','_self','voyager-data',NULL,5,2,'2019-07-09 03:48:38','2019-07-26 09:11:26','voyager.database.index',NULL),(8,1,'Compass','','_self','voyager-compass',NULL,5,3,'2019-07-09 03:48:38','2019-07-27 02:47:37','voyager.compass.index',NULL),(9,1,'BREAD','','_self','voyager-bread',NULL,5,4,'2019-07-09 03:48:38','2019-07-27 02:47:37','voyager.bread.index',NULL),(10,1,'Settings','','_self','voyager-settings',NULL,NULL,14,'2019-07-09 03:48:38','2019-07-27 02:47:37','voyager.settings.index',NULL),(11,1,'Hooks','','_self','voyager-hook',NULL,5,5,'2019-07-09 03:48:50','2019-07-27 02:47:37','voyager.hooks',NULL),(13,1,'Categories','','_self','voyager-categories',NULL,NULL,8,'2019-07-09 04:59:01','2019-07-27 02:47:40','voyager.categories.index',NULL),(14,1,'Posts','','_self','voyager-news',NULL,NULL,5,'2019-07-09 04:59:05','2019-07-10 22:45:16','voyager.posts.index',NULL),(15,1,'Pages','','_self','voyager-file-text',NULL,NULL,6,'2019-07-09 04:59:08','2019-07-10 22:45:16','voyager.pages.index',NULL),(16,1,'Opd','','_self','voyager-world','#000000',NULL,7,'2019-07-09 05:56:19','2019-07-10 22:45:40','voyager.opd.index','null'),(20,3,'Beranda','/','_self',NULL,'#000000',NULL,1,'2019-07-14 01:07:26','2019-07-14 01:10:44',NULL,''),(21,3,'Selayang Pandang','','_self',NULL,'#000000',NULL,2,'2019-07-14 01:10:18','2019-07-14 01:10:44',NULL,''),(22,3,'Tentang','','_self',NULL,'#000000',NULL,3,'2019-07-14 01:10:40','2019-09-16 15:11:39',NULL,''),(23,3,'Sejarah','','_self',NULL,'#000000',21,1,'2019-07-14 01:11:12','2019-09-17 02:11:19',NULL,''),(24,3,'Kependudukan','','_self',NULL,'#000000',21,2,'2019-07-14 01:11:24','2019-09-17 02:15:55',NULL,''),(25,3,'Topografi','','_self',NULL,'#000000',21,3,'2019-07-14 01:11:53','2019-09-16 10:58:49',NULL,''),(26,3,'Pemerintahan','','_self',NULL,'#000000',NULL,4,'2019-07-14 01:14:01','2019-09-16 10:58:49',NULL,''),(27,3,'Profil Bupati','','_self',NULL,'#000000',26,1,'2019-07-14 01:14:16','2019-07-14 01:15:09',NULL,''),(28,3,'Profil Wakil Bupati','','_self',NULL,'#000000',26,2,'2019-07-14 01:14:31','2019-07-14 01:15:11',NULL,''),(29,3,'Visi Misi','','_self',NULL,'#000000',26,3,'2019-07-14 01:14:42','2019-07-14 01:15:12',NULL,''),(30,3,'Struktur Pemerintahan','','_self',NULL,'#000000',26,4,'2019-07-14 01:14:57','2019-07-14 01:15:14',NULL,''),(31,3,'Layanan Publik','','_self',NULL,'#000000',NULL,8,'2019-07-14 01:15:30','2019-09-16 16:54:13',NULL,''),(32,3,'E-Lapor','https://www.lapor.go.id/','_blank',NULL,'#000000',31,1,'2019-07-14 01:15:43','2019-09-16 14:40:01',NULL,''),(33,3,'LPSE','http://lpse.munakab.go.id/eproc4','_blank',NULL,'#000000',31,2,'2019-07-14 01:15:54','2019-09-16 23:13:58',NULL,''),(34,3,'Pengaduan Masyarakat','','_self',NULL,'#000000',31,3,'2019-07-14 01:16:05','2019-07-16 12:52:54',NULL,''),(35,3,'Sarana dan Prasarana','','_self',NULL,'#000000',NULL,7,'2019-07-14 01:16:29','2019-09-16 16:54:13',NULL,''),(36,3,'Kesehatan','','_self',NULL,'#000000',35,1,'2019-07-14 01:16:45','2019-07-14 01:16:49',NULL,''),(37,3,'Pendidikan','','_self',NULL,'#000000',35,2,'2019-07-14 01:16:59','2019-07-14 01:17:15',NULL,''),(38,3,'Hotel','','_self',NULL,'#000000',35,3,'2019-07-14 01:17:08','2019-07-14 01:17:22',NULL,''),(39,3,'Pengumuman','','_self',NULL,'#000000',NULL,9,'2019-07-14 01:17:39','2019-09-16 16:54:13',NULL,''),(40,4,'Muna','','_self',NULL,'#000000',NULL,1,'2019-07-14 01:20:02','2019-07-14 01:20:38',NULL,''),(41,4,'Beranda','','_self',NULL,'#000000',40,1,'2019-07-14 01:20:22','2019-07-14 01:20:38',NULL,''),(42,4,'Profil','','_self',NULL,'#000000',40,2,'2019-07-14 01:20:30','2019-07-14 01:20:39',NULL,''),(44,4,'Layanan','','_self',NULL,'#000000',NULL,2,'2019-07-14 01:20:50','2019-07-14 01:21:17',NULL,''),(45,4,'Kontak','','_self',NULL,'#000000',NULL,3,'2019-07-14 01:20:59','2019-07-14 01:21:58',NULL,''),(46,4,'Perizinanan','','_self',NULL,'#000000',44,1,'2019-07-14 01:21:13','2019-07-14 01:21:17',NULL,''),(47,4,'Administrasi kependudukan','','_self',NULL,'#000000',44,2,'2019-07-14 01:21:29','2019-07-14 01:21:33',NULL,''),(48,4,'Pengaduan Masyarakat','','_self',NULL,'#000000',44,3,'2019-07-14 01:21:53','2019-07-14 01:22:04',NULL,''),(49,1,'Messaging','','_self','voyager-paper-plane','#000000',NULL,12,'2019-07-14 06:04:24','2019-07-27 02:47:41','admin.messaging','null'),(50,3,'Informasi','','_self',NULL,'#000000',NULL,5,'2019-07-16 02:05:28','2019-09-16 10:58:49',NULL,''),(51,3,'Berita Muna','','_self',NULL,'#000000',50,1,'2019-07-16 06:52:17','2019-09-16 16:36:48','api.post.category','{\"category\":\"berita-muna\"}'),(52,3,'Berita Perangkat Daerah','','_self',NULL,'#000000',50,2,'2019-07-16 06:59:34','2019-09-16 16:38:12','api.post.category','{\"category\":\"berita-perangkat-daerah\"}'),(53,3,'Organisasi Perangkat Daerah','','_self',NULL,'#000000',NULL,6,'2019-07-16 07:01:23','2019-09-16 13:15:25',NULL,''),(54,3,'Dinas','','_self',NULL,'#000000',53,1,'2019-07-16 07:13:32','2019-07-16 07:13:46','api.opd.category','{\"category\":\"dinas\"}'),(55,3,'Badan','','_self',NULL,'#000000',53,2,'2019-07-16 12:52:43','2019-07-16 12:52:54','api.opd.category','{\"category\":\"badan\"}'),(56,1,'Sliders','','_self','voyager-photos','#000000',NULL,11,'2019-07-26 09:10:57','2019-07-27 02:47:41','voyager.slider.index','null'),(58,1,'Pengumuman','','_self','voyager-star','#000000',NULL,10,'2019-07-27 00:07:50','2019-07-27 02:47:40','voyager.pengumuman.index','null'),(59,1,'Struktur Pemerintahan','','_self','voyager-list-add',NULL,NULL,9,'2019-07-27 02:47:17','2019-07-27 02:47:40','voyager.struktur-pemerintahan.index',NULL),(60,3,'Download','/download','_self',NULL,'#000000',NULL,10,'2019-09-16 14:59:42','2019-09-16 16:54:13',NULL,''),(61,3,'Kecamatan','','_self',NULL,'#000000',53,3,'2019-09-16 16:53:53','2019-09-16 16:55:00','api.opd.category','{\"category\":\"kecamatan\"}');
/*!40000 ALTER TABLE `menu_items` ENABLE KEYS */;
UNLOCK TABLES;

--
-- Table structure for table `menus`
--

DROP TABLE IF EXISTS `menus`;
/*!40101 SET @saved_cs_client     = @@character_set_client */;
/*!50503 SET character_set_client = utf8mb4 */;
CREATE TABLE `menus` (
  `id` int(10) unsigned NOT NULL AUTO_INCREMENT,
  `name` varchar(255) CHARACTER SET utf8mb4 COLLATE utf8mb4_unicode_ci NOT NULL,
  `created_at` timestamp NULL DEFAULT NULL,
  `updated_at` timestamp NULL DEFAULT NULL,
  PRIMARY KEY (`id`),
  UNIQUE KEY `menus_name_unique` (`name`)
) ENGINE=InnoDB AUTO_INCREMENT=5 DEFAULT CHARSET=utf8mb4 COLLATE=utf8mb4_unicode_ci;
/*!40101 SET character_set_client = @saved_cs_client */;

--
-- Dumping data for table `menus`
--

LOCK TABLES `menus` WRITE;
/*!40000 ALTER TABLE `menus` DISABLE KEYS */;
INSERT INTO `menus` VALUES (1,'admin','2019-07-09 03:48:37','2019-07-09 03:48:37'),(3,'header','2019-07-14 01:06:52','2019-07-14 01:07:00'),(4,'footer','2019-07-14 01:07:07','2019-07-14 01:07:07');
/*!40000 ALTER TABLE `menus` ENABLE KEYS */;
UNLOCK TABLES;

--
-- Table structure for table `messages`
--

DROP TABLE IF EXISTS `messages`;
/*!40101 SET @saved_cs_client     = @@character_set_client */;
/*!50503 SET character_set_client = utf8mb4 */;
CREATE TABLE `messages` (
  `id` int(10) unsigned NOT NULL AUTO_INCREMENT,
  `fullname` varchar(255) CHARACTER SET utf8mb4 COLLATE utf8mb4_unicode_ci NOT NULL,
  `phone` varchar(25) CHARACTER SET utf8mb4 COLLATE utf8mb4_unicode_ci DEFAULT NULL,
  `email` varchar(255) CHARACTER SET utf8mb4 COLLATE utf8mb4_unicode_ci NOT NULL,
  `subject` varchar(255) CHARACTER SET utf8mb4 COLLATE utf8mb4_unicode_ci DEFAULT NULL,
  `read` int(11) DEFAULT '0',
  `type` varchar(10) CHARACTER SET utf8mb4 COLLATE utf8mb4_unicode_ci DEFAULT 'saran',
  `created_at` timestamp NULL DEFAULT NULL,
  `updated_at` timestamp NULL DEFAULT NULL,
  `deleted_at` timestamp NULL DEFAULT NULL,
  PRIMARY KEY (`id`)
) ENGINE=InnoDB DEFAULT CHARSET=utf8mb4 COLLATE=utf8mb4_unicode_ci;
/*!40101 SET character_set_client = @saved_cs_client */;

--
-- Dumping data for table `messages`
--

LOCK TABLES `messages` WRITE;
/*!40000 ALTER TABLE `messages` DISABLE KEYS */;
/*!40000 ALTER TABLE `messages` ENABLE KEYS */;
UNLOCK TABLES;

--
-- Table structure for table `messaging`
--

DROP TABLE IF EXISTS `messaging`;
/*!40101 SET @saved_cs_client     = @@character_set_client */;
/*!50503 SET character_set_client = utf8mb4 */;
CREATE TABLE `messaging` (
  `id` int(10) unsigned NOT NULL AUTO_INCREMENT,
  `fullname` varchar(150) CHARACTER SET utf8mb4 COLLATE utf8mb4_unicode_ci NOT NULL,
  `phone` varchar(20) CHARACTER SET utf8mb4 COLLATE utf8mb4_unicode_ci DEFAULT NULL,
  `email` varchar(100) CHARACTER SET utf8mb4 COLLATE utf8mb4_unicode_ci DEFAULT NULL,
  `subject` varchar(255) CHARACTER SET utf8mb4 COLLATE utf8mb4_unicode_ci DEFAULT NULL,
  `message` longtext CHARACTER SET utf8mb4 COLLATE utf8mb4_unicode_ci NOT NULL,
  `read_status` tinyint(1) NOT NULL,
  `type` enum('pengaduan','saran') CHARACTER SET utf8mb4 COLLATE utf8mb4_unicode_ci NOT NULL,
  `created_at` timestamp NULL DEFAULT NULL,
  `updated_at` timestamp NULL DEFAULT NULL,
  `deleted_at` timestamp NULL DEFAULT NULL,
  PRIMARY KEY (`id`)
) ENGINE=InnoDB AUTO_INCREMENT=15 DEFAULT CHARSET=utf8mb4 COLLATE=utf8mb4_unicode_ci;
/*!40101 SET character_set_client = @saved_cs_client */;

--
-- Dumping data for table `messaging`
--

LOCK TABLES `messaging` WRITE;
/*!40000 ALTER TABLE `messaging` DISABLE KEYS */;
INSERT INTO `messaging` VALUES (1,'zulkifli','08888','zul@zul.com','pengaduan','test update',1,'pengaduan','2019-07-15 09:57:31','2019-08-09 01:43:29',NULL),(2,'Muh. Zulkifli R','081242200988','muh.zul.r@gmail.com','Laporan penganiayaan','Saya Muh. Zulkifli R dengan ini mengadukan Yoseph Parai, yang berjabatan DEV dari satuan kerja BE, karena Yang tersebut telah melakukan tindakan penganiayaan',1,'pengaduan','2019-07-24 09:10:17','2019-08-09 01:43:31',NULL),(3,'Muh. Zulkifli R','081242200988','muh.zul.r@gmail.com',NULL,'Tolong pembayaran jasa pembuatan webnya di bayarkan',1,'saran','2019-07-24 09:18:27','2019-09-08 10:46:07',NULL),(4,'asdf','asdf','asdf','saran','asdf',0,'saran','2019-09-14 00:53:40','2019-09-14 00:53:40',NULL),(5,'adfadsf','asdf','asdf','saran','asdf',0,'saran','2019-09-14 00:54:08','2019-09-14 00:54:08',NULL),(6,'adsf','adsf','adsf','saran','asdf',0,'saran','2019-09-14 00:54:49','2019-09-14 00:54:49',NULL),(7,'adsf','adsf','adsf','saran','adsf',0,'saran','2019-09-14 00:55:46','2019-09-14 00:55:46',NULL),(8,'Muh. Zulkifli R','081242200988','muh.zul.@gmail.com','Laporan penganiayaan','Saya Muh. Zulkifli R dengan ini mengadukan Yoseph Parai, yang berjabatan DEV dari satuan kerja BE, karena Yang tersebut telah melakukan tindakan penganiayaan',0,'pengaduan','2019-09-14 01:13:32','2019-09-14 01:13:32',NULL),(9,'Muh. Zulkifli R','081242200988','muh.zul.r@gmail.com','saran','Tolong pembayaran jasa pembuatan webnya di bayarkan',0,'saran','2019-09-14 01:13:54','2019-09-14 01:13:54',NULL),(10,'asdfasd','adsf','adsf','adf','Saya asdfasd dengan ini mengadukan adsf, yang berjabatan adsf dari satuan kerja adsf, karena adsf',0,'pengaduan','2019-09-14 01:22:01','2019-09-14 01:22:01',NULL),(11,'adsf','asdf','asdf','adsfadsf','Saya adsf dengan ini mengadukan asdf, yang berjabatan adsf dari satuan kerja asdf, karena adsf',0,'pengaduan','2019-09-14 01:23:18','2019-09-14 01:23:18',NULL),(12,'asdf','adsf','asdf','saran','asdf',0,'saran','2019-09-14 06:11:29','2019-09-14 06:11:29',NULL),(13,'adsf','082197430241','asdf','adsf','Saya adsf dengan ini mengadukan adsf, yang berjabatan adsf dari satuan kerja adsf, karena adsf',0,'pengaduan','2019-09-15 05:46:23','2019-09-15 05:46:23',NULL),(14,'sfgfsdg','sfdg','sfdg','saran','sfdg',0,'saran','2019-09-15 13:23:27','2019-09-15 13:23:27',NULL);
/*!40000 ALTER TABLE `messaging` ENABLE KEYS */;
UNLOCK TABLES;

--
-- Table structure for table `migrations`
--

DROP TABLE IF EXISTS `migrations`;
/*!40101 SET @saved_cs_client     = @@character_set_client */;
/*!50503 SET character_set_client = utf8mb4 */;
CREATE TABLE `migrations` (
  `id` int(10) unsigned NOT NULL AUTO_INCREMENT,
  `migration` varchar(255) CHARACTER SET utf8mb4 COLLATE utf8mb4_unicode_ci NOT NULL,
  `batch` int(11) NOT NULL,
  PRIMARY KEY (`id`)
) ENGINE=InnoDB AUTO_INCREMENT=49 DEFAULT CHARSET=utf8mb4 COLLATE=utf8mb4_unicode_ci;
/*!40101 SET character_set_client = @saved_cs_client */;

--
-- Dumping data for table `migrations`
--

LOCK TABLES `migrations` WRITE;
/*!40000 ALTER TABLE `migrations` DISABLE KEYS */;
INSERT INTO `migrations` VALUES (1,'2014_10_12_000000_create_users_table',1),(2,'2014_10_12_100000_create_password_resets_table',1),(3,'2016_01_01_000000_add_voyager_user_fields',1),(4,'2016_01_01_000000_create_data_types_table',1),(5,'2016_01_01_000000_create_pages_table',1),(6,'2016_01_01_000000_create_posts_table',1),(7,'2016_02_15_204651_create_categories_table',1),(8,'2016_05_19_173453_create_menu_table',1),(9,'2016_10_21_190000_create_roles_table',1),(10,'2016_10_21_190000_create_settings_table',1),(11,'2016_11_30_135954_create_permission_table',1),(12,'2016_11_30_141208_create_permission_role_table',1),(13,'2016_12_26_201236_data_types__add__server_side',1),(14,'2017_01_13_000000_add_route_to_menu_items_table',1),(15,'2017_01_14_005015_create_translations_table',1),(16,'2017_01_15_000000_make_table_name_nullable_in_permissions_table',1),(17,'2017_03_06_000000_add_controller_to_data_types_table',1),(18,'2017_04_11_000000_alter_post_nullable_fields_table',1),(19,'2017_04_21_000000_add_order_to_data_rows_table',1),(20,'2017_07_05_210000_add_policyname_to_data_types_table',1),(21,'2017_08_05_000000_add_group_to_settings_table',1),(22,'2017_11_26_013050_add_user_role_relationship',1),(23,'2017_11_26_015000_create_user_roles_table',1),(24,'2018_03_11_000000_add_user_settings',1),(25,'2018_03_14_000000_add_details_to_data_types_table',1),(26,'2018_03_16_000000_make_settings_value_nullable',1),(27,'2019_07_08_095846_deleted_test_tables_table_with_voyager0708581e8d7b',1),(28,'2019_07_09_134102_created_opd_table_with_voyager0709f323b755',2),(29,'2019_07_09_134151_created_opd_table_with_voyager07092f64ad22',3),(30,'2019_07_11_062926_updated_opd_table_with_voyager071192bf55db',4),(31,'2019_07_11_063121_updated_opd_table_with_voyager0711ec29c2ef',5),(32,'2019_07_15_170658_created_messages_table_with_voyager07155bc25043',6),(35,'2019_07_15_171156_create_messaging_table',7),(36,'2019_07_23_171857_alter_opd_add_user_opd',8),(37,'2019_07_26_164846_created_slider_table_with_voyager072647aceb65',9),(38,'2019_07_27_072852_updated_slider_table_with_voyager0727f382e92f',10),(39,'2019_07_27_080028_created_struktur_pemerintahan_table_with_voyager072725e61763',11),(40,'2019_07_27_080048_deleted_struktur_pemerintahan_table_with_voyager0727e46f8978',12),(41,'2019_07_27_080126_created_pengumuman_table_with_voyager07270980c1af',13),(42,'2019_07_27_080528_updated_pengumuman_table_with_voyager07273e4780e4',14),(43,'2019_07_27_084402_created_struktur_pemerintahan_table_with_voyager0727069aaf24',15),(44,'2019_07_27_105315_updated_struktur_pemerintahan_table_with_voyager0727908bc5c9',16),(45,'2019_07_27_123735_updated_struktur_pemerintahan_table_with_voyager07277bb908a8',17),(46,'2019_07_27_123808_updated_struktur_pemerintahan_table_with_voyager0727ff031033',18),(47,'2019_07_27_123838_updated_struktur_pemerintahan_table_with_voyager0727fcb7b3a2',19),(48,'2019_07_28_114559_updated_slider_table_with_voyager072880f1584f',20);
/*!40000 ALTER TABLE `migrations` ENABLE KEYS */;
UNLOCK TABLES;

--
-- Table structure for table `opd`
--

DROP TABLE IF EXISTS `opd`;
/*!40101 SET @saved_cs_client     = @@character_set_client */;
/*!50503 SET character_set_client = utf8mb4 */;
CREATE TABLE `opd` (
  `id` int(10) unsigned NOT NULL AUTO_INCREMENT,
  `author_id` int(10) unsigned NOT NULL,
  `category_id` int(10) unsigned NOT NULL,
  `title` varchar(255) CHARACTER SET utf8mb4 COLLATE utf8mb4_unicode_ci NOT NULL,
  `excerpt` text CHARACTER SET utf8mb4 COLLATE utf8mb4_unicode_ci,
  `welcome_message` text CHARACTER SET utf8mb4 COLLATE utf8mb4_unicode_ci,
  `body` text CHARACTER SET utf8mb4 COLLATE utf8mb4_unicode_ci,
  `slug` varchar(255) CHARACTER SET utf8mb4 COLLATE utf8mb4_unicode_ci NOT NULL,
  `meta_description` text CHARACTER SET utf8mb4 COLLATE utf8mb4_unicode_ci,
  `meta_keywords` varchar(255) CHARACTER SET utf8mb4 COLLATE utf8mb4_unicode_ci DEFAULT NULL,
  `status` enum('PUBLISHED','DRAFT','PENDING') CHARACTER SET utf8mb4 COLLATE utf8mb4_unicode_ci NOT NULL DEFAULT 'DRAFT',
  `link` text CHARACTER SET utf8mb4 COLLATE utf8mb4_unicode_ci,
  `user_id` int(10) unsigned DEFAULT NULL,
  `created_at` timestamp NULL DEFAULT NULL,
  `updated_at` timestamp NULL DEFAULT NULL,
  `image` varchar(255) CHARACTER SET utf8mb4 COLLATE utf8mb4_unicode_ci DEFAULT NULL,
  `user_opd` int(10) unsigned DEFAULT NULL,
  PRIMARY KEY (`id`),
  UNIQUE KEY `opd_slug_unique` (`slug`)
) ENGINE=InnoDB AUTO_INCREMENT=17 DEFAULT CHARSET=utf8mb4 COLLATE=utf8mb4_unicode_ci;
/*!40101 SET character_set_client = @saved_cs_client */;

--
-- Dumping data for table `opd`
--

LOCK TABLES `opd` WRITE;
/*!40000 ALTER TABLE `opd` DISABLE KEYS */;
INSERT INTO `opd` VALUES (4,1,5,'Dinas Perhubungan',NULL,'<p>selamat datang di dinas perhubungan</p>','<p>dinas perhubungan adalah</p>','dinas-perhubungan',NULL,NULL,'PUBLISHED','https://perhugungan.munakab.go.id',2,'2019-07-23 10:44:39','2019-09-16 23:27:33','opd/September2019/MWf97aeSAuPvakqokSCd.png',2),(5,1,5,'Dinas Pertanian',NULL,'<p>Selamat datang di dinas pertanian</p>','<h1>TUGAS POKOK</h1>\r\n<p style=\"margin: 0px 0px 15px; padding: 0px; text-align: justify; color: #000000; font-family: \'Open Sans\', Arial, sans-serif;\">Lorem ipsum dolor sit amet, consectetur adipiscing elit. Mauris maximus porta tellus, at rhoncus dolor suscipit sed. Duis pharetra lectus non quam egestas, eu scelerisque ante euismod. Duis tempor lacus a nulla consectetur ultrices. Aliquam aliquam sem urna, in imperdiet justo pellentesque et. Sed quis diam est. Lorem ipsum dolor sit amet, consectetur adipiscing elit. Nam dapibus consequat ligula. Aliquam tempor turpis nec metus auctor, rutrum placerat felis lobortis. Etiam eu ipsum vitae augue euismod blandit. Lorem ipsum dolor sit amet, consectetur adipiscing elit. Maecenas diam libero, pharetra ut turpis at, accumsan scelerisque lectus. Ut at ante iaculis, iaculis neque at, gravida lectus. Quisque id tortor vehicula, consequat leo nec, bibendum urna. Nullam a tellus nunc.</p>\r\n<p style=\"margin: 0px 0px 15px; padding: 0px; text-align: justify; color: #000000; font-family: \'Open Sans\', Arial, sans-serif;\">Fusce lectus erat, bibendum sit amet maximus vel, iaculis eget libero. Mauris magna sem, consectetur a dui at, molestie convallis tellus. Proin ac sapien rutrum, ullamcorper lacus maximus, molestie ipsum. Cras ullamcorper elit quam, at placerat est vestibulum quis. Morbi lobortis rhoncus justo non aliquet. Phasellus pulvinar, risus bibendum viverra imperdiet, dui enim tempor turpis, sed auctor enim lacus non mauris. Nullam eu diam molestie, tincidunt libero eu, sagittis mauris. Ut tristique dolor malesuada lorem ultricies vulputate. Nulla in augue in orci hendrerit ullamcorper. In hac habitasse platea dictumst. Nunc consectetur tortor ac dignissim rutrum. Morbi non euismod ligula. Quisque eget commodo orci, at ultricies nibh. Maecenas tempus vitae metus eget euismod. Mauris sit amet volutpat urna. Praesent magna justo, fringilla ac justo dictum, porta molestie felis.</p>\r\n<p>&nbsp;</p>\r\n<h1>FUNGSI</h1>\r\n<p style=\"margin: 0px 0px 15px; padding: 0px; text-align: justify; color: #000000; font-family: \'Open Sans\', Arial, sans-serif;\">Aenean tincidunt et ipsum vel sollicitudin. Nulla leo sem, tincidunt ut elementum at, gravida et lectus. Nam sit amet velit nulla. Curabitur luctus leo eget gravida cursus. Nullam nibh felis, condimentum quis pretium nec, blandit ullamcorper massa. Sed feugiat viverra enim et scelerisque. In hac habitasse platea dictumst. Etiam velit quam, luctus quis pulvinar vitae, egestas at dui. Sed auctor erat vel magna condimentum, et elementum diam cursus. Duis malesuada gravida massa, at vulputate quam sodales non.</p>\r\n<p style=\"margin: 0px 0px 15px; padding: 0px; text-align: justify; color: #000000; font-family: \'Open Sans\', Arial, sans-serif;\">Class aptent taciti sociosqu ad litora torquent per conubia nostra, per inceptos himenaeos. Nunc vitae arcu fringilla, rhoncus libero lacinia, sagittis sem. In hac habitasse platea dictumst. Orci varius natoque penatibus et magnis dis parturient montes, nascetur ridiculus mus. Mauris tempor tincidunt justo sit amet varius. Aenean vitae rutrum lacus, a tempor tellus. Etiam hendrerit orci laoreet arcu ultricies pulvinar. Praesent et efficitur leo. Aliquam suscipit bibendum posuere. Quisque pellentesque pellentesque aliquet. Ut ipsum justo, egestas quis rutrum vitae, rutrum bibendum ligula. Vestibulum maximus varius lobortis. Pellentesque eget porta ante.</p>\r\n<p style=\"margin: 0px 0px 15px; padding: 0px; text-align: justify; color: #000000; font-family: \'Open Sans\', Arial, sans-serif;\">Sed et cursus lorem. Integer ullamcorper eu nisl quis aliquam. Quisque facilisis risus vel felis pulvinar, sed accumsan nibh rutrum. Nullam et bibendum nisi. Sed vitae ipsum id augue faucibus pellentesque. Orci varius natoque penatibus et magnis dis parturient montes, nascetur ridiculus mus. Nam a venenatis leo.</p>','dinas-pertanian',NULL,NULL,'PUBLISHED',NULL,1,'2019-09-16 13:25:24','2019-09-16 14:30:39','opd/September2019/urioDHlBohZ5B6I3WGHx.png',1),(6,1,5,'Dinas Sosial',NULL,'<p><span style=\"color: #000000; font-family: \'Open Sans\', Arial, sans-serif; text-align: justify;\">Lorem ipsum dolor sit amet, consectetur adipiscing elit. Integer id nisi a sapien vestibulum congue quis vitae ligula. Vivamus consectetur neque sit amet auctor tristique. Aenean pretium eu arcu quis ultricies. Proin et erat non purus elementum rhoncus cursus vel ex. Nunc pharetra tristique massa, sed sollicitudin nulla. Integer non arcu blandit, ultrices nunc non, pretium libero.</span></p>','<h2><span style=\"color: #000000; font-family: \'Open Sans\', Arial, sans-serif; text-align: justify;\">Tugas Pokok</span></h2>\r\n<p><span style=\"color: #000000; font-family: \'Open Sans\', Arial, sans-serif; text-align: justify;\">Lorem ipsum dolor sit amet, consectetur adipiscing elit. Integer id nisi a sapien vestibulum congue quis vitae ligula. Vivamus consectetur neque sit amet auctor tristique. Aenean pretium eu arcu quis ultricies. Proin et erat non purus elementum rhoncus cursus vel ex. Nunc pharetra tristique massa, sed sollicitudin nulla. Integer non arcu blandit, ultrices nunc non, pretium libero. Lorem ipsum dolor sit amet, consectetur adipiscing elit. Proin libero enim, mattis sit amet ligula in, bibendum ultrices lorem. Quisque bibendum, urna id sodales posuere, metus urna pharetra dolor, ac varius velit ipsum a dolor. Phasellus pharetra ante eu odio placerat, non sollicitudin neque bibendum. Vivamus porta molestie ullamcorper.</span></p>\r\n<p>&nbsp;</p>\r\n<h2>Fungsi</h2>\r\n<p><span style=\"color: #000000; font-family: \'Open Sans\', Arial, sans-serif; text-align: justify;\">ivamus ac urna vestibulum, semper quam id, gravida nibh. Vivamus id ex rutrum, condimentum tortor sed, ultricies mauris. Pellentesque in arcu vitae urna blandit aliquet nec et turpis. Donec porttitor quam sit amet lacus dictum varius ut feugiat dui. Ut nec urna vitae odio eleifend maximus sed a neque. Vivamus libero libero, vehicula at posuere eget, accumsan ut nisl. Praesent eget volutpat diam. Maecenas magna ante, aliquet a est non, rhoncus ultrices tellus.</span></p>','dinas-sosial',NULL,NULL,'PUBLISHED',NULL,1,'2019-09-16 13:26:47','2019-09-16 14:29:50','opd/September2019/g94lGyZ9fqV0COGgixzT.png',6),(7,1,6,'BKD & Diklat',NULL,'<p>Halaman BKD dan Diklat</p>',NULL,'bkd-and-diklat',NULL,NULL,'PUBLISHED','https://laravel.com/docs/5.8/collections#method-map',1,'2019-09-16 13:29:30','2019-09-16 23:17:13','opd/September2019/UrtoB3yI8p4eoxQRqiGE.png',1),(8,1,5,'Kelautan dan Perikanan',NULL,'<p><span style=\"color: #000000; font-family: \'Open Sans\', Arial, sans-serif; text-align: justify;\">Lorem ipsum dolor sit amet, consectetur adipiscing elit. Integer id nisi a sapien vestibulum congue quis vitae ligula. Vivamus consectetur neque sit amet auctor tristique. Aenean pretium eu arcu quis ultricies. Proin et erat non purus elementum rhoncus cursus vel ex. Nunc pharetra tristique massa, sed sollicitudin nulla. Integer non arcu blandit, ultrices nunc non, pretium libero. Lorem ipsum dolor sit amet, consectetur adipiscing elit. Proin libero enim, mattis sit amet ligula in, bibendum ultrices lorem. Quisque bibendum, urna id sodales posuere, metus urna pharetra dolor, ac varius velit ipsum a dolor. Phasellus pharetra ante eu odio placerat, non sollicitudin neque bibendum. Vivamus porta molestie ullamcorper.</span></p>','<p style=\"margin: 0px 0px 15px; padding: 0px; text-align: justify; color: #000000; font-family: \'Open Sans\', Arial, sans-serif;\">Lorem ipsum dolor sit amet, consectetur adipiscing elit. Integer id nisi a sapien vestibulum congue quis vitae ligula. Vivamus consectetur neque sit amet auctor tristique. Aenean pretium eu arcu quis ultricies. Proin et erat non purus elementum rhoncus cursus vel ex. Nunc pharetra tristique massa, sed sollicitudin nulla. Integer non arcu blandit, ultrices nunc non, pretium libero. Lorem ipsum dolor sit amet, consectetur adipiscing elit. Proin libero enim, mattis sit amet ligula in, bibendum ultrices lorem. Quisque bibendum, urna id sodales posuere, metus urna pharetra dolor, ac varius velit ipsum a dolor. Phasellus pharetra ante eu odio placerat, non sollicitudin neque bibendum. Vivamus porta molestie ullamcorper.</p>\r\n<p style=\"margin: 0px 0px 15px; padding: 0px; text-align: justify; color: #000000; font-family: \'Open Sans\', Arial, sans-serif;\">Vivamus ac urna vestibulum, semper quam id, gravida nibh. Vivamus id ex rutrum, condimentum tortor sed, ultricies mauris. Pellentesque in arcu vitae urna blandit aliquet nec et turpis. Donec porttitor quam sit amet lacus dictum varius ut feugiat dui. Ut nec urna vitae odio eleifend maximus sed a neque. Vivamus libero libero, vehicula at posuere eget, accumsan ut nisl. Praesent eget volutpat diam. Maecenas magna ante, aliquet a est non, rhoncus ultrices tellus. Nulla eu pulvinar elit. Nam vitae molestie erat, eu pellentesque justo. In pharetra tristique metus, eget aliquet purus cursus vel. Cras euismod a ante ut luctus.</p>','kelautan-dan-perikanan',NULL,NULL,'PUBLISHED',NULL,1,'2019-09-16 16:42:23','2019-09-16 16:42:48','opd/September2019/VeLuyGb94xoZzqaJST7N.png',4),(9,1,5,'Kependudukan dan Catatan Sipil',NULL,'<p><span style=\"color: #000000; font-family: \'Open Sans\', Arial, sans-serif; text-align: justify;\">Lorem ipsum dolor sit amet, consectetur adipiscing elit. Integer id nisi a sapien vestibulum congue quis vitae ligula. Vivamus consectetur neque sit amet auctor tristique. Aenean pretium eu arcu quis ultricies. Proin et erat non purus elementum rhoncus cursus vel ex. Nunc pharetra tristique massa, sed sollicitudin nulla. Integer non arcu blandit, ultrices nunc non, pretium libero. Lorem ipsum dolor sit amet, consectetur adipiscing elit. Proin libero enim, mattis sit amet ligula in, bibendum ultrices lorem. Quisque bibendum, urna id sodales posuere, metus urna pharetra dolor, ac varius velit ipsum a dolor. Phasellus pharetra ante eu odio placerat, non sollicitudin neque bibendum. Vivamus porta molestie ullamcorper.</span></p>','<p style=\"margin: 0px 0px 15px; padding: 0px; text-align: justify; color: #000000; font-family: \'Open Sans\', Arial, sans-serif;\">Lorem ipsum dolor sit amet, consectetur adipiscing elit. Integer id nisi a sapien vestibulum congue quis vitae ligula. Vivamus consectetur neque sit amet auctor tristique. Aenean pretium eu arcu quis ultricies. Proin et erat non purus elementum rhoncus cursus vel ex. Nunc pharetra tristique massa, sed sollicitudin nulla. Integer non arcu blandit, ultrices nunc non, pretium libero. Lorem ipsum dolor sit amet, consectetur adipiscing elit. Proin libero enim, mattis sit amet ligula in, bibendum ultrices lorem. Quisque bibendum, urna id sodales posuere, metus urna pharetra dolor, ac varius velit ipsum a dolor. Phasellus pharetra ante eu odio placerat, non sollicitudin neque bibendum. Vivamus porta molestie ullamcorper.</p>\r\n<p style=\"margin: 0px 0px 15px; padding: 0px; text-align: justify; color: #000000; font-family: \'Open Sans\', Arial, sans-serif;\">Vivamus ac urna vestibulum, semper quam id, gravida nibh. Vivamus id ex rutrum, condimentum tortor sed, ultricies mauris. Pellentesque in arcu vitae urna blandit aliquet nec et turpis. Donec porttitor quam sit amet lacus dictum varius ut feugiat dui. Ut nec urna vitae odio eleifend maximus sed a neque. Vivamus libero libero, vehicula at posuere eget, accumsan ut nisl. Praesent eget volutpat diam. Maecenas magna ante, aliquet a est non, rhoncus ultrices tellus. Nulla eu pulvinar elit. Nam vitae molestie erat, eu pellentesque justo. In pharetra tristique metus, eget aliquet purus cursus vel. Cras euismod a ante ut luctus.</p>','kependudukan-dan-catatan-sipil',NULL,NULL,'PUBLISHED',NULL,1,'2019-09-16 16:43:52','2019-09-16 16:43:52','opd/September2019/ymGZtAuXt4UnGlhh8eja.png',NULL),(10,1,6,'Badan Kesatuan Bangsa dan Politik',NULL,'<p><span style=\"color: #000000; font-family: \'Open Sans\', Arial, sans-serif; text-align: justify;\">Lorem ipsum dolor sit amet, consectetur adipiscing elit. Integer id nisi a sapien vestibulum congue quis vitae ligula. Vivamus consectetur neque sit amet auctor tristique. Aenean pretium eu arcu quis ultricies. Proin et erat non purus elementum rhoncus cursus vel ex. Nunc pharetra tristique massa, sed sollicitudin nulla. Integer non arcu blandit, ultrices nunc non, pretium libero. Lorem ipsum dolor sit amet, consectetur adipiscing elit. Proin libero enim, mattis sit amet ligula in, bibendum ultrices lorem. Quisque bibendum, urna id sodales posuere, metus urna pharetra dolor, ac varius velit ipsum a dolor. Phasellus pharetra ante eu odio placerat, non sollicitudin neque bibendum. Vivamus porta molestie ullamcorper.</span></p>','<p><span style=\"color: #000000; font-family: \'Open Sans\', Arial, sans-serif; text-align: justify;\">Lorem ipsum dolor sit amet, consectetur adipiscing elit. Integer id nisi a sapien vestibulum congue quis vitae ligula. Vivamus consectetur neque sit amet auctor tristique. Aenean pretium eu arcu quis ultricies. Proin et erat non purus elementum rhoncus cursus vel ex. Nunc pharetra tristique massa, sed sollicitudin nulla. Integer non arcu blandit, ultrices nunc non, pretium libero. Lorem ipsum dolor sit amet, consectetur adipiscing elit. Proin libero enim, mattis sit amet ligula in, bibendum ultrices lorem. Quisque bibendum, urna id sodales posuere, metus urna pharetra dolor, ac varius velit ipsum a dolor. Phasellus pharetra ante eu odio placerat, non sollicitudin neque bibendum. Vivamus porta molestie ullamcorper.</span></p>\r\n<p><span style=\"color: #000000; font-family: \'Open Sans\', Arial, sans-serif; text-align: justify;\">Lorem ipsum dolor sit amet, consectetur adipiscing elit. Integer id nisi a sapien vestibulum congue quis vitae ligula. Vivamus consectetur neque sit amet auctor tristique. Aenean pretium eu arcu quis ultricies. Proin et erat non purus elementum rhoncus cursus vel ex. Nunc pharetra tristique massa, sed sollicitudin nulla. Integer non arcu blandit, ultrices nunc non, pretium libero. Lorem ipsum dolor sit amet, consectetur adipiscing elit. Proin libero enim, mattis sit amet ligula in, bibendum ultrices lorem. Quisque bibendum, urna id sodales posuere, metus urna pharetra dolor, ac varius velit ipsum a dolor. Phasellus pharetra ante eu odio placerat, non sollicitudin neque bibendum. Vivamus porta molestie ullamcorper.</span></p>','badan-kesatuan-bangsa-dan-politik',NULL,NULL,'PUBLISHED',NULL,1,'2019-09-16 16:47:33','2019-09-16 16:47:33','opd/September2019/nrnsOFns8CvXuiefblMV.png',NULL),(11,1,6,'Komisi Pemilihan Umum',NULL,'<p><span style=\"color: #000000; font-family: \'Open Sans\', Arial, sans-serif; text-align: justify;\">Lorem ipsum dolor sit amet, consectetur adipiscing elit. Integer id nisi a sapien vestibulum congue quis vitae ligula. Vivamus consectetur neque sit amet auctor tristique. Aenean pretium eu arcu quis ultricies. Proin et erat non purus elementum rhoncus cursus vel ex. Nunc pharetra tristique massa, sed sollicitudin nulla. Integer non arcu blandit, ultrices nunc non, pretium libero. Lorem ipsum dolor sit amet, consectetur adipiscing elit. Proin libero enim, mattis sit amet ligula in, bibendum ultrices lorem. Quisque bibendum, urna id sodales posuere, metus urna pharetra dolor, ac varius velit ipsum a dolor. Phasellus pharetra ante eu odio placerat, non sollicitudin neque bibendum. Vivamus porta molestie ullamcorper.</span></p>','<p><span style=\"color: #000000; font-family: \'Open Sans\', Arial, sans-serif; text-align: justify;\">Lorem ipsum dolor sit amet, consectetur adipiscing elit. Integer id nisi a sapien vestibulum congue quis vitae ligula. Vivamus consectetur neque sit amet auctor tristique. Aenean pretium eu arcu quis ultricies. Proin et erat non purus elementum rhoncus cursus vel ex. Nunc pharetra tristique massa, sed sollicitudin nulla. Integer non arcu blandit, ultrices nunc non, pretium libero. Lorem ipsum dolor sit amet, consectetur adipiscing elit. Proin libero enim, mattis sit amet ligula in, bibendum ultrices lorem. Quisque bibendum, urna id sodales posuere, metus urna pharetra dolor, ac varius velit ipsum a dolor. Phasellus pharetra ante eu odio placerat, non sollicitudin neque bibendum. Vivamus porta molestie ullamcorper.</span></p>\r\n<p><span style=\"color: #000000; font-family: \'Open Sans\', Arial, sans-serif; text-align: justify;\">Lorem ipsum dolor sit amet, consectetur adipiscing elit. Integer id nisi a sapien vestibulum congue quis vitae ligula. Vivamus consectetur neque sit amet auctor tristique. Aenean pretium eu arcu quis ultricies. Proin et erat non purus elementum rhoncus cursus vel ex. Nunc pharetra tristique massa, sed sollicitudin nulla. Integer non arcu blandit, ultrices nunc non, pretium libero. Lorem ipsum dolor sit amet, consectetur adipiscing elit. Proin libero enim, mattis sit amet ligula in, bibendum ultrices lorem. Quisque bibendum, urna id sodales posuere, metus urna pharetra dolor, ac varius velit ipsum a dolor. Phasellus pharetra ante eu odio placerat, non sollicitudin neque bibendum. Vivamus porta molestie ullamcorper.</span></p>\r\n<p><span style=\"color: #000000; font-family: \'Open Sans\', Arial, sans-serif; text-align: justify;\">Lorem ipsum dolor sit amet, consectetur adipiscing elit. Integer id nisi a sapien vestibulum congue quis vitae ligula. Vivamus consectetur neque sit amet auctor tristique. Aenean pretium eu arcu quis ultricies. Proin et erat non purus elementum rhoncus cursus vel ex. Nunc pharetra tristique massa, sed sollicitudin nulla. Integer non arcu blandit, ultrices nunc non, pretium libero. Lorem ipsum dolor sit amet, consectetur adipiscing elit. Proin libero enim, mattis sit amet ligula in, bibendum ultrices lorem. Quisque bibendum, urna id sodales posuere, metus urna pharetra dolor, ac varius velit ipsum a dolor. Phasellus pharetra ante eu odio placerat, non sollicitudin neque bibendum. Vivamus porta molestie ullamcorper.</span></p>','komisi-pemilihan-umum',NULL,NULL,'PUBLISHED',NULL,1,'2019-09-16 16:48:17','2019-09-16 16:48:17','opd/September2019/LeH4V2rbe1ImgFO3wimW.png',NULL),(12,1,5,'Lingkungan Hidup',NULL,'<p><span style=\"color: #000000; font-family: \'Open Sans\', Arial, sans-serif; text-align: justify;\">Lorem ipsum dolor sit amet, consectetur adipiscing elit. Integer id nisi a sapien vestibulum congue quis vitae ligula. Vivamus consectetur neque sit amet auctor tristique. Aenean pretium eu arcu quis ultricies. Proin et erat non purus elementum rhoncus cursus vel ex. Nunc pharetra tristique massa, sed sollicitudin nulla. Integer non arcu blandit, ultrices nunc non, pretium libero. Lorem ipsum dolor sit amet, consectetur adipiscing elit. Proin libero enim, mattis sit amet ligula in, bibendum ultrices lorem. Quisque bibendum, urna id sodales posuere, metus urna pharetra dolor, ac varius velit ipsum a dolor. Phasellus pharetra ante eu odio placerat, non sollicitudin neque bibendum. Vivamus porta molestie ullamcorper.</span></p>','<p><span style=\"color: #000000; font-family: \'Open Sans\', Arial, sans-serif; text-align: justify;\">Lorem ipsum dolor sit amet, consectetur adipiscing elit. Integer id nisi a sapien vestibulum congue quis vitae ligula. Vivamus consectetur neque sit amet auctor tristique. Aenean pretium eu arcu quis ultricies. Proin et erat non purus elementum rhoncus cursus vel ex. Nunc pharetra tristique massa, sed sollicitudin nulla. Integer non arcu blandit, ultrices nunc non, pretium libero. Lorem ipsum dolor sit amet, consectetur adipiscing elit. Proin libero enim, mattis sit amet ligula in, bibendum ultrices lorem. Quisque bibendum, urna id sodales posuere, metus urna pharetra dolor, ac varius velit ipsum a dolor. Phasellus pharetra ante eu odio placerat, non sollicitudin neque bibendum. Vivamus porta molestie ullamcorper.</span></p>\r\n<p><span style=\"color: #000000; font-family: \'Open Sans\', Arial, sans-serif; text-align: justify;\">Lorem ipsum dolor sit amet, consectetur adipiscing elit. Integer id nisi a sapien vestibulum congue quis vitae ligula. Vivamus consectetur neque sit amet auctor tristique. Aenean pretium eu arcu quis ultricies. Proin et erat non purus elementum rhoncus cursus vel ex. Nunc pharetra tristique massa, sed sollicitudin nulla. Integer non arcu blandit, ultrices nunc non, pretium libero. Lorem ipsum dolor sit amet, consectetur adipiscing elit. Proin libero enim, mattis sit amet ligula in, bibendum ultrices lorem. Quisque bibendum, urna id sodales posuere, metus urna pharetra dolor, ac varius velit ipsum a dolor. Phasellus pharetra ante eu odio placerat, non sollicitudin neque bibendum. Vivamus porta molestie ullamcorper.</span></p>\r\n<p><span style=\"color: #000000; font-family: \'Open Sans\', Arial, sans-serif; text-align: justify;\">Lorem ipsum dolor sit amet, consectetur adipiscing elit. Integer id nisi a sapien vestibulum congue quis vitae ligula. Vivamus consectetur neque sit amet auctor tristique. Aenean pretium eu arcu quis ultricies. Proin et erat non purus elementum rhoncus cursus vel ex. Nunc pharetra tristique massa, sed sollicitudin nulla. Integer non arcu blandit, ultrices nunc non, pretium libero. Lorem ipsum dolor sit amet, consectetur adipiscing elit. Proin libero enim, mattis sit amet ligula in, bibendum ultrices lorem. Quisque bibendum, urna id sodales posuere, metus urna pharetra dolor, ac varius velit ipsum a dolor. Phasellus pharetra ante eu odio placerat, non sollicitudin neque bibendum. Vivamus porta molestie ullamcorper.</span></p>','lingkungan-hidup',NULL,NULL,'PUBLISHED',NULL,1,'2019-09-16 16:49:23','2019-09-16 16:50:10',NULL,NULL),(13,1,5,'Ketahanan Pangan',NULL,'<p><span style=\"color: #000000; font-family: \'Open Sans\', Arial, sans-serif; text-align: justify;\">Lorem ipsum dolor sit amet, consectetur adipiscing elit. Integer id nisi a sapien vestibulum congue quis vitae ligula. Vivamus consectetur neque sit amet auctor tristique. Aenean pretium eu arcu quis ultricies. Proin et erat non purus elementum rhoncus cursus vel ex. Nunc pharetra tristique massa, sed sollicitudin nulla. Integer non arcu blandit, ultrices nunc non, pretium libero. Lorem ipsum dolor sit amet, consectetur adipiscing elit. Proin libero enim, mattis sit amet ligula in, bibendum ultrices lorem. Quisque bibendum, urna id sodales posuere, metus urna pharetra dolor, ac varius velit ipsum a dolor. Phasellus pharetra ante eu odio placerat, non sollicitudin neque bibendum. Vivamus porta molestie ullamcorper.</span></p>','<p><span style=\"color: #000000; font-family: \'Open Sans\', Arial, sans-serif; text-align: justify;\">Lorem ipsum dolor sit amet, consectetur adipiscing elit. Integer id nisi a sapien vestibulum congue quis vitae ligula. Vivamus consectetur neque sit amet auctor tristique. Aenean pretium eu arcu quis ultricies. Proin et erat non purus elementum rhoncus cursus vel ex. Nunc pharetra tristique massa, sed sollicitudin nulla. Integer non arcu blandit, ultrices nunc non, pretium libero. Lorem ipsum dolor sit amet, consectetur adipiscing elit. Proin libero enim, mattis sit amet ligula in, bibendum ultrices lorem. Quisque bibendum, urna id sodales posuere, metus urna pharetra dolor, ac varius velit ipsum a dolor. Phasellus pharetra ante eu odio placerat, non sollicitudin neque bibendum. Vivamus porta molestie ullamcorper.</span></p>\r\n<p><span style=\"color: #000000; font-family: \'Open Sans\', Arial, sans-serif; text-align: justify;\">Lorem ipsum dolor sit amet, consectetur adipiscing elit. Integer id nisi a sapien vestibulum congue quis vitae ligula. Vivamus consectetur neque sit amet auctor tristique. Aenean pretium eu arcu quis ultricies. Proin et erat non purus elementum rhoncus cursus vel ex. Nunc pharetra tristique massa, sed sollicitudin nulla. Integer non arcu blandit, ultrices nunc non, pretium libero. Lorem ipsum dolor sit amet, consectetur adipiscing elit. Proin libero enim, mattis sit amet ligula in, bibendum ultrices lorem. Quisque bibendum, urna id sodales posuere, metus urna pharetra dolor, ac varius velit ipsum a dolor. Phasellus pharetra ante eu odio placerat, non sollicitudin neque bibendum. Vivamus porta molestie ullamcorper.</span></p>','ketahanan-pangan',NULL,NULL,'PUBLISHED',NULL,1,'2019-09-16 16:49:59','2019-09-16 16:49:59',NULL,NULL),(14,1,7,'Batalaiwaru',NULL,'<p><span style=\"color: #000000; font-family: \'Open Sans\', Arial, sans-serif; text-align: justify;\">Lorem ipsum dolor sit amet, consectetur adipiscing elit. Integer id nisi a sapien vestibulum congue quis vitae ligula. Vivamus consectetur neque sit amet auctor tristique. Aenean pretium eu arcu quis ultricies. Proin et erat non purus elementum rhoncus cursus vel ex. Nunc pharetra tristique massa, sed sollicitudin nulla. Integer non arcu blandit, ultrices nunc non, pretium libero. Lorem ipsum dolor sit amet, consectetur adipiscing elit. Proin libero enim, mattis sit amet ligula in, bibendum ultrices lorem. Quisque bibendum, urna id sodales posuere, metus urna pharetra dolor, ac varius velit ipsum a dolor. Phasellus pharetra ante eu odio placerat, non sollicitudin neque bibendum. Vivamus porta molestie ullamcorper.</span></p>','<p><span style=\"color: #000000; font-family: \'Open Sans\', Arial, sans-serif; text-align: justify;\">Lorem ipsum dolor sit amet, consectetur adipiscing elit. Integer id nisi a sapien vestibulum congue quis vitae ligula. Vivamus consectetur neque sit amet auctor tristique. Aenean pretium eu arcu quis ultricies. Proin et erat non purus elementum rhoncus cursus vel ex. Nunc pharetra tristique massa, sed sollicitudin nulla. Integer non arcu blandit, ultrices nunc non, pretium libero. Lorem ipsum dolor sit amet, consectetur adipiscing elit. Proin libero enim, mattis sit amet ligula in, bibendum ultrices lorem. Quisque bibendum, urna id sodales posuere, metus urna pharetra dolor, ac varius velit ipsum a dolor. Phasellus pharetra ante eu odio placerat, non sollicitudin neque bibendum. Vivamus porta molestie ullamcorper.</span></p>\r\n<p><span style=\"color: #000000; font-family: \'Open Sans\', Arial, sans-serif; text-align: justify;\">Lorem ipsum dolor sit amet, consectetur adipiscing elit. Integer id nisi a sapien vestibulum congue quis vitae ligula. Vivamus consectetur neque sit amet auctor tristique. Aenean pretium eu arcu quis ultricies. Proin et erat non purus elementum rhoncus cursus vel ex. Nunc pharetra tristique massa, sed sollicitudin nulla. Integer non arcu blandit, ultrices nunc non, pretium libero. Lorem ipsum dolor sit amet, consectetur adipiscing elit. Proin libero enim, mattis sit amet ligula in, bibendum ultrices lorem. Quisque bibendum, urna id sodales posuere, metus urna pharetra dolor, ac varius velit ipsum a dolor. Phasellus pharetra ante eu odio placerat, non sollicitudin neque bibendum. Vivamus porta molestie ullamcorper.</span></p>\r\n<p><span style=\"color: #000000; font-family: \'Open Sans\', Arial, sans-serif; text-align: justify;\">Lorem ipsum dolor sit amet, consectetur adipiscing elit. Integer id nisi a sapien vestibulum congue quis vitae ligula. Vivamus consectetur neque sit amet auctor tristique. Aenean pretium eu arcu quis ultricies. Proin et erat non purus elementum rhoncus cursus vel ex. Nunc pharetra tristique massa, sed sollicitudin nulla. Integer non arcu blandit, ultrices nunc non, pretium libero. Lorem ipsum dolor sit amet, consectetur adipiscing elit. Proin libero enim, mattis sit amet ligula in, bibendum ultrices lorem. Quisque bibendum, urna id sodales posuere, metus urna pharetra dolor, ac varius velit ipsum a dolor. Phasellus pharetra ante eu odio placerat, non sollicitudin neque bibendum. Vivamus porta molestie ullamcorper.</span></p>','batalaiwaru',NULL,NULL,'PUBLISHED',NULL,1,'2019-09-16 16:51:12','2019-09-16 16:51:12',NULL,NULL),(15,1,7,'Batukara',NULL,'<p style=\"margin: 0px 0px 15px; padding: 0px; text-align: justify; color: #000000; font-family: \'Open Sans\', Arial, sans-serif;\">Lorem ipsum dolor sit amet, consectetur adipiscing elit. Integer id nisi a sapien vestibulum congue quis vitae ligula. Vivamus consectetur neque sit amet auctor tristique. Aenean pretium eu arcu quis ultricies. Proin et erat non purus elementum rhoncus cursus vel ex. Nunc pharetra tristique massa, sed sollicitudin nulla. Integer non arcu blandit, ultrices nunc non, pretium libero. Lorem ipsum dolor sit amet, consectetur adipiscing elit. Proin libero enim, mattis sit amet ligula in, bibendum ultrices lorem. Quisque bibendum, urna id sodales posuere, metus urna pharetra dolor, ac varius velit ipsum a dolor. Phasellus pharetra ante eu odio placerat, non sollicitudin neque bibendum. Vivamus porta molestie ullamcorper.</p>\r\n<p style=\"margin: 0px 0px 15px; padding: 0px; text-align: justify; color: #000000; font-family: \'Open Sans\', Arial, sans-serif;\">Vivamus ac urna vestibulum, semper quam id, gravida nibh. Vivamus id ex rutrum, condimentum tortor sed, ultricies mauris. Pellentesque in arcu vitae urna blandit aliquet nec et turpis. Donec porttitor quam sit amet lacus dictum varius ut feugiat dui. Ut nec urna vitae odio eleifend maximus sed a neque. Vivamus libero libero, vehicula at posuere eget, accumsan ut nisl. Praesent eget volutpat diam. Maecenas magna ante, aliquet a est non, rhoncus ultrices tellus. Nulla eu pulvinar elit. Nam vitae molestie erat, eu pellentesque justo. In pharetra tristique metus, eget aliquet purus cursus vel. Cras euismod a ante ut luctus.</p>','<p style=\"margin: 0px 0px 15px; padding: 0px; text-align: justify; color: #000000; font-family: \'Open Sans\', Arial, sans-serif;\">Lorem ipsum dolor sit amet, consectetur adipiscing elit. Integer id nisi a sapien vestibulum congue quis vitae ligula. Vivamus consectetur neque sit amet auctor tristique. Aenean pretium eu arcu quis ultricies. Proin et erat non purus elementum rhoncus cursus vel ex. Nunc pharetra tristique massa, sed sollicitudin nulla. Integer non arcu blandit, ultrices nunc non, pretium libero. Lorem ipsum dolor sit amet, consectetur adipiscing elit.</p>','batukara',NULL,NULL,'PUBLISHED',NULL,1,'2019-09-16 16:57:57','2019-09-16 16:57:57',NULL,NULL),(16,1,7,'Bone',NULL,'<p style=\"margin: 0px 0px 15px; padding: 0px; text-align: justify; color: #000000; font-family: \'Open Sans\', Arial, sans-serif;\">Lorem ipsum dolor sit amet, consectetur adipiscing elit. Integer id nisi a sapien vestibulum congue quis vitae ligula. Vivamus consectetur neque sit amet auctor tristique. Aenean pretium eu arcu quis ultricies. Proin et erat non purus elementum rhoncus cursus vel ex. Nunc pharetra tristique massa, sed sollicitudin nulla. Integer non arcu blandit, ultrices nunc non, pretium libero. Lorem ipsum dolor sit amet, consectetur adipiscing elit. Proin libero enim, mattis sit amet ligula in, bibendum ultrices lorem. Quisque bibendum, urna id sodales posuere, metus urna pharetra dolor, ac varius velit ipsum a dolor. Phasellus pharetra ante eu odio placerat, non sollicitudin neque bibendum. Vivamus porta molestie ullamcorper.</p>\r\n<p style=\"margin: 0px 0px 15px; padding: 0px; text-align: justify; color: #000000; font-family: \'Open Sans\', Arial, sans-serif;\">Vivamus ac urna vestibulum, semper quam id, gravida nibh. Vivamus id ex rutrum, condimentum tortor sed, ultricies mauris. Pellentesque in arcu vitae urna blandit aliquet nec et turpis. Donec porttitor quam sit amet lacus dictum varius ut feugiat dui. Ut nec urna vitae odio eleifend maximus sed a neque. Vivamus libero libero, vehicula at posuere eget, accumsan ut nisl. Praesent eget volutpat diam. Maecenas magna ante, aliquet a est non, rhoncus ultrices tellus. Nulla eu pulvinar elit. Nam vitae molestie erat, eu pellentesque justo. In pharetra tristique metus, eget aliquet purus cursus vel. Cras euismod a ante ut luctus.</p>',NULL,'bone',NULL,NULL,'PUBLISHED',NULL,NULL,'2019-09-16 16:59:57','2019-09-16 16:59:57',NULL,NULL);
/*!40000 ALTER TABLE `opd` ENABLE KEYS */;
UNLOCK TABLES;

--
-- Table structure for table `pages`
--

DROP TABLE IF EXISTS `pages`;
/*!40101 SET @saved_cs_client     = @@character_set_client */;
/*!50503 SET character_set_client = utf8mb4 */;
CREATE TABLE `pages` (
  `id` int(10) unsigned NOT NULL AUTO_INCREMENT,
  `author_id` int(11) NOT NULL,
  `title` varchar(255) CHARACTER SET utf8mb4 COLLATE utf8mb4_unicode_ci NOT NULL,
  `excerpt` text CHARACTER SET utf8mb4 COLLATE utf8mb4_unicode_ci,
  `body` text CHARACTER SET utf8mb4 COLLATE utf8mb4_unicode_ci,
  `image` varchar(255) CHARACTER SET utf8mb4 COLLATE utf8mb4_unicode_ci DEFAULT NULL,
  `slug` varchar(255) CHARACTER SET utf8mb4 COLLATE utf8mb4_unicode_ci NOT NULL,
  `meta_description` text CHARACTER SET utf8mb4 COLLATE utf8mb4_unicode_ci,
  `meta_keywords` text CHARACTER SET utf8mb4 COLLATE utf8mb4_unicode_ci,
  `status` enum('ACTIVE','INACTIVE') CHARACTER SET utf8mb4 COLLATE utf8mb4_unicode_ci NOT NULL DEFAULT 'INACTIVE',
  `created_at` timestamp NULL DEFAULT NULL,
  `updated_at` timestamp NULL DEFAULT NULL,
  PRIMARY KEY (`id`),
  UNIQUE KEY `pages_slug_unique` (`slug`)
) ENGINE=InnoDB AUTO_INCREMENT=8 DEFAULT CHARSET=utf8mb4 COLLATE=utf8mb4_unicode_ci;
/*!40101 SET character_set_client = @saved_cs_client */;

--
-- Dumping data for table `pages`
--

LOCK TABLES `pages` WRITE;
/*!40000 ALTER TABLE `pages` DISABLE KEYS */;
INSERT INTO `pages` VALUES (1,1,'Hello World','Hang the jib grog grog blossom grapple dance the hempen jig gangway pressgang bilge rat to go on account lugger. Nelsons folly gabion line draught scallywag fire ship gaff fluke fathom case shot. Sea Legs bilge rat sloop matey gabion long clothes run a shot across the bow Gold Road cog league.','<p>Hello World. Scallywag grog swab Cat o\'nine tails scuttle rigging hardtack cable nipper Yellow Jack. Handsomely spirits knave lad killick landlubber or just lubber deadlights chantey pinnace crack Jennys tea cup. Provost long clothes black spot Yellow Jack bilged on her anchor league lateen sail case shot lee tackle.</p>\r\n<p>Ballast spirits fluke topmast me quarterdeck schooner landlubber or just lubber gabion belaying pin. Pinnace stern galleon starboard warp carouser to go on account dance the hempen jig jolly boat measured fer yer chains. Man-of-war fire in the hole nipperkin handsomely doubloon barkadeer Brethren of the Coast gibbet driver squiffy.</p>','pages/September2019/kmwU6WPL0fcB0hkcLS5A.jpg','hello-world','Yar Meta Description','Keyword1, Keyword2','ACTIVE','2019-07-09 04:59:15','2019-09-16 13:07:25'),(2,1,'Sejarah','sejarah Kabupaten Muna','<p style=\"margin: 0.5em 0px; line-height: inherit; color: #222222; font-family: sans-serif;\">Sebelum terbentuknya kerajaan Muna, di Muna telah terbentuk delapan kampung. Walaupun masih sangat sederhana, kedelapan kampung yang telah terbentuk mengikat diri dalam sebuah &lsquo;Union&rsquo; dengan mengangkat Mieno Wamelai sebagai pemimpin tertinggi. . Kedelapan kampung itu kemudian dibagi menjadi dua wilayah utama yang terdiri atas 4 kampung. Empat kampung pertama dipimpin oleh kamokula, terdiri atas:</p>\r\n<ol style=\"margin: 0.3em 0px 0px 3.2em; padding: 0px; list-style-image: none; color: #222222; font-family: sans-serif;\">\r\n<li style=\"margin-bottom: 0.1em;\">Tongkuno,pemimpinya bergelar Kamokulano Tongkuno</li>\r\n<li style=\"margin-bottom: 0.1em;\">Barangka,pemimpinnya bergelar Kamokulano Barangka</li>\r\n<li style=\"margin-bottom: 0.1em;\">Lindo, pemimpinnya bergelar Kamokulano Lindo</li>\r\n<li style=\"margin-bottom: 0.1em;\">Wapepi, pemimpinnya bergelar Kamokulano Wapepi</li>\r\n</ol>\r\n<p style=\"margin: 0.5em 0px; line-height: inherit; color: #222222; font-family: sans-serif;\">Sedangkan empat kampung lainnya dipimpin oleh mieno yakni:</p>\r\n<ol style=\"margin: 0.3em 0px 0px 3.2em; padding: 0px; list-style-image: none; color: #222222; font-family: sans-serif;\">\r\n<li style=\"margin-bottom: 0.1em;\">Kaura, pemimpinnya bergelar Mieno Kaura</li>\r\n<li style=\"margin-bottom: 0.1em;\">Kansitala,pemimpinnya Mieno Kasintala</li>\r\n<li style=\"margin-bottom: 0.1em;\">Lembo,pemimpinnya bergelar Mieno Lembo</li>\r\n<li style=\"margin-bottom: 0.1em;\">Ndoke. Pemimpinnya bergelar Mieno Ndoke.</li>\r\n</ol>','pages/September2019/PWljejLFifj7sH9rsfoK.jpg','sejarah','halbar','halbar','ACTIVE','2019-07-12 19:45:58','2019-09-16 23:32:24'),(3,1,'Tentang','Lorem ipsum dolor sit amet, consectetur adipiscing elit. Cras sed eros sollicitudin, consequat sem id, auctor lorem. Nunc lobortis tortor sapien, ut accumsan ipsum porttitor non. Donec non erat eu libero molestie sagittis in id magna. Class aptent taciti sociosqu ad litora torquent per conubia nostra, per inceptos himenaeos. In bibendum, dui ut porttitor maximus, dui ante dignissim sem, ut facilisis lacus nibh at odio. Praesent eu turpis ut nulla suscipit tincidunt sit amet et ligula','<p style=\"margin: 0px 0px 15px; padding: 0px; text-align: justify; color: #000000; font-family: \'Open Sans\', Arial, sans-serif;\">Lorem ipsum dolor sit amet, consectetur adipiscing elit. Cras sed eros sollicitudin, consequat sem id, auctor lorem. Nunc lobortis tortor sapien, ut accumsan ipsum porttitor non. Donec non erat eu libero molestie sagittis in id magna. Class aptent taciti sociosqu ad litora torquent per conubia nostra, per inceptos himenaeos. In bibendum, dui ut porttitor maximus, dui ante dignissim sem, ut facilisis lacus nibh at odio. Praesent eu turpis ut nulla suscipit tincidunt sit amet et ligula. Donec dapibus ultrices nibh, a vestibulum felis. Duis hendrerit dolor libero, id finibus velit ornare in. Nam id nulla auctor, pretium mauris a, venenatis velit. Morbi sit amet eros sodales lacus dapibus semper eget quis urna. In aliquam, lectus ac vehicula venenatis, eros sem aliquam nisl, vitae dictum eros sapien id erat. Pellentesque sit amet accumsan sem. Suspendisse et nisi tincidunt sapien pulvinar placerat.</p>\r\n<p style=\"margin: 0px 0px 15px; padding: 0px; text-align: justify; color: #000000; font-family: \'Open Sans\', Arial, sans-serif;\">Donec facilisis consequat neque fermentum interdum. In vel imperdiet velit. Quisque id dui tempus, aliquet sapien nec, bibendum sem. In tempor nisl mauris, vel tristique nisi ornare id. Cras vitae mollis velit. Aenean tempus ante in porta fringilla. In vel mattis lorem, quis tristique justo.</p>\r\n<p style=\"margin: 0px 0px 15px; padding: 0px; text-align: justify; color: #000000; font-family: \'Open Sans\', Arial, sans-serif;\">Duis in odio lorem. Nulla euismod, nunc ac malesuada venenatis, enim sem posuere neque, eu euismod nisi arcu ac ex. Curabitur mattis felis non ante consequat dignissim. Vestibulum ante ipsum primis in faucibus orci luctus et ultrices posuere cubilia Curae; Maecenas arcu leo, congue a tristique sed, vestibulum in urna. Quisque dui dui, mattis ut mollis sit amet, sodales a ligula. Duis id sapien dolor. Phasellus sit amet erat eu justo ornare gravida.</p>\r\n<p style=\"margin: 0px 0px 15px; padding: 0px; text-align: justify; color: #000000; font-family: \'Open Sans\', Arial, sans-serif;\">Donec quis neque sed lectus aliquet molestie. Sed consequat euismod vestibulum. Vivamus vehicula molestie arcu ac sollicitudin. Proin gravida risus eu odio faucibus, id dapibus lorem pellentesque. Pellentesque nisl velit, placerat sit amet volutpat nec, faucibus ac velit. Integer condimentum sagittis arcu, quis sollicitudin est tempor ut. Vivamus pretium, risus ut finibus suscipit, elit leo finibus ligula, ac porttitor nibh elit vitae sapien. Donec eu leo at mi sodales fringilla nec id diam. Praesent lobortis, arcu in aliquam eleifend, dolor ligula convallis lacus, at efficitur turpis arcu id magna. Suspendisse vehicula sed dolor sed pretium. Mauris orci nibh, feugiat in egestas nec, scelerisque at purus. Class aptent taciti sociosqu ad litora torquent per conubia nostra, per inceptos himenaeos.</p>\r\n<p style=\"margin: 0px 0px 15px; padding: 0px; text-align: justify; color: #000000; font-family: \'Open Sans\', Arial, sans-serif;\">Curabitur posuere, urna eget ultrices luctus, mauris massa facilisis ante, vel tristique metus orci ut velit. Quisque interdum magna ipsum, non sodales eros suscipit vitae. Nulla accumsan cursus diam vitae congue. Duis ornare orci orci, semper fermentum lorem finibus at. Curabitur sed libero mollis, pellentesque eros et, condimentum ante. Aliquam consectetur convallis mauris vel iaculis. Ut et lorem vitae ligula pretium congue. Etiam nec metus feugiat, volutpat nisi a, pretium leo. Donec ac mauris egestas, facilisis felis ut, ullamcorper justo. Aliquam pharetra odio sapien, eu vulputate felis ornare at. Aenean pellentesque elit et risus mattis vestibulum. Sed orci purus, consequat eu imperdiet vitae, luctus nec lectus.</p>','pages/September2019/reymi9Xdz8tOLFEmskhT.png','tentang','tentang muna','tentang muna','ACTIVE','2019-07-26 16:28:17','2019-09-16 23:37:11'),(4,1,'Visi Misi','orem ipsum dolor sit amet, consectetur adipiscing elit. Cras sed eros sollicitudin, consequat sem id, auctor lorem. Nunc lobortis tortor sapien, ut accumsan ipsum porttitor non','<p><span style=\"color: #000000; font-family: \'Open Sans\', Arial, sans-serif; font-size: 16px; text-align: justify;\">Lorem ipsum dolor sit amet, consectetur adipiscing elit. Cras sed eros sollicitudin, consequat sem id, auctor lorem. Nunc lobortis tortor sapien, ut accumsan ipsum porttitor non. Donec non erat eu libero molestie sagittis in id magna. Class aptent taciti sociosqu ad litora torquent per conubia nostra, per inceptos himenaeos. In bibendum, dui ut porttitor maximus, dui ante dignissim sem, ut facilisis lacus nibh at odio. Praesent eu turpis ut nulla suscipit tincidunt sit amet et ligula. Donec dapibus ultrices nibh, a vestibulum felis. Duis hendrerit dolor libero, id finibus velit ornare in. Nam id nulla auctor, pretium mauris a, venenatis velit. Morbi sit amet eros sodales lacus dapibus semper eget quis urna. In aliquam, lectus ac vehicula venenatis, eros sem aliquam nisl, vitae dictum eros sapien id erat. Pellentesque sit amet accumsan sem. Suspendisse et nisi tincidunt sapien pulvinar placerat</span></p>','pages/September2019/66shzqAOVUtYN8liGqYt.png','visi-misi','kjahfkjasd kajdsf','asdfa ad fasdf','INACTIVE','2019-09-15 08:05:52','2019-09-15 08:05:52'),(5,1,'Profil Bupati','test','<p style=\"font-family: arial; background-image: none; background-position: 0px 0px; background-size: initial; background-repeat: repeat; background-attachment: scroll; background-origin: initial; background-clip: initial; border: 0px none; font-size: 12px; margin: 0px 0px 5px; outline: none 0px; padding: 0px; box-sizing: border-box; color: #000000;\"><img src=\"https://muna.ryzdev.id/storage/pages/September2019/lm-rusman-emba.jpg\" alt=\"Bupati Kab. Muna\" /></p>\r\n<p style=\"font-family: arial; background-image: none; background-position: 0px 0px; background-size: initial; background-repeat: repeat; background-attachment: scroll; background-origin: initial; background-clip: initial; border: 0px none; font-size: 12px; margin: 0px 0px 5px; outline: none 0px; padding: 0px; box-sizing: border-box; color: #000000;\">&nbsp;</p>\r\n<p style=\"font-family: arial; background-image: none; background-position: 0px 0px; background-size: initial; background-repeat: repeat; background-attachment: scroll; background-origin: initial; background-clip: initial; border: 0px none; font-size: 12px; margin: 0px 0px 5px; outline: none 0px; padding: 0px; box-sizing: border-box; color: #000000;\">&nbsp;</p>\r\n<p style=\"font-family: arial; background-image: none; background-position: 0px 0px; background-size: initial; background-repeat: repeat; background-attachment: scroll; background-origin: initial; background-clip: initial; border: 0px none; font-size: 12px; margin: 0px 0px 5px; outline: none 0px; padding: 0px; box-sizing: border-box; color: #000000;\">Nama Lengkap :&nbsp;<strong style=\"background: none 0px 0px repeat scroll transparent; border: 0px none; font-size: 14px; margin: 0px; outline: none 0px; padding: 0px; box-sizing: border-box;\">L.M. Rusman Emba</strong></p>\r\n<p style=\"font-family: arial; background-image: none; background-position: 0px 0px; background-size: initial; background-repeat: repeat; background-attachment: scroll; background-origin: initial; background-clip: initial; border: 0px none; font-size: 12px; margin: 0px 0px 5px; outline: none 0px; padding: 0px; box-sizing: border-box; color: #000000;\">Alias :&nbsp;<strong style=\"background: none 0px 0px repeat scroll transparent; border: 0px none; font-size: 14px; margin: 0px; outline: none 0px; padding: 0px; box-sizing: border-box;\">No Alias</strong></p>\r\n<p style=\"font-family: arial; background-image: none; background-position: 0px 0px; background-size: initial; background-repeat: repeat; background-attachment: scroll; background-origin: initial; background-clip: initial; border: 0px none; font-size: 12px; margin: 0px 0px 5px; outline: none 0px; padding: 0px; box-sizing: border-box; color: #000000;\">Profesi :&nbsp;<strong style=\"background: none 0px 0px repeat scroll transparent; border: 0px none; font-size: 14px; margin: 0px; outline: none 0px; padding: 0px; box-sizing: border-box;\">Politisi</strong></p>\r\n<p style=\"font-family: arial; background-image: none; background-position: 0px 0px; background-size: initial; background-repeat: repeat; background-attachment: scroll; background-origin: initial; background-clip: initial; border: 0px none; font-size: 12px; margin: 0px 0px 5px; outline: none 0px; padding: 0px; box-sizing: border-box; color: #000000;\">&nbsp;</p>\r\n<p style=\"font-family: arial; background-image: none; background-position: 0px 0px; background-size: initial; background-repeat: repeat; background-attachment: scroll; background-origin: initial; background-clip: initial; border: 0px none; font-size: 12px; margin: 0px 0px 5px; outline: none 0px; padding: 0px; box-sizing: border-box; color: #000000;\">Tempat Lahir :&nbsp;<strong style=\"background: none 0px 0px repeat scroll transparent; border: 0px none; font-size: 14px; margin: 0px; outline: none 0px; padding: 0px; box-sizing: border-box;\">Raha</strong></p>\r\n<p style=\"font-family: arial; background-image: none; background-position: 0px 0px; background-size: initial; background-repeat: repeat; background-attachment: scroll; background-origin: initial; background-clip: initial; border: 0px none; font-size: 12px; margin: 0px 0px 5px; outline: none 0px; padding: 0px; box-sizing: border-box; color: #000000;\">Tanggal Lahir :&nbsp;<strong style=\"background: none 0px 0px repeat scroll transparent; border: 0px none; font-size: 14px; margin: 0px; outline: none 0px; padding: 0px; box-sizing: border-box;\">Minggu, 15 April 1973</strong></p>\r\n<p style=\"font-family: arial; background-image: none; background-position: 0px 0px; background-size: initial; background-repeat: repeat; background-attachment: scroll; background-origin: initial; background-clip: initial; border: 0px none; font-size: 12px; margin: 0px 0px 5px; outline: none 0px; padding: 0px; box-sizing: border-box; color: #000000;\">Zodiac :&nbsp;<strong style=\"background: none 0px 0px repeat scroll transparent; border: 0px none; font-size: 14px; margin: 0px; outline: none 0px; padding: 0px; box-sizing: border-box;\">Aries</strong></p>\r\n<p style=\"font-family: arial; background-image: none; background-position: 0px 0px; background-size: initial; background-repeat: repeat; background-attachment: scroll; background-origin: initial; background-clip: initial; border: 0px none; font-size: 12px; margin: 0px 0px 5px; outline: none 0px; padding: 0px; box-sizing: border-box; color: #000000;\">&nbsp;</p>\r\n<p style=\"font-family: arial; background-image: none; background-position: 0px 0px; background-size: initial; background-repeat: repeat; background-attachment: scroll; background-origin: initial; background-clip: initial; border: 0px none; font-size: 12px; margin: 0px 0px 5px; outline: none 0px; padding: 0px; box-sizing: border-box; color: #000000;\">Warga Negara :&nbsp;<strong style=\"background: none 0px 0px repeat scroll transparent; border: 0px none; font-size: 14px; margin: 0px; outline: none 0px; padding: 0px; box-sizing: border-box;\">Indonesia</strong></p>','pages/September2019/oUheEDd5Mmw6kwcsKetP.jpg','profil-bupati','profil','profil','ACTIVE','2019-09-16 14:54:10','2019-09-16 16:10:51'),(6,1,'Kependudukan','Lorem ipsum dolor sit amet, consectetur adipiscing elit. Integer id nisi a sapien vestibulum congue quis vitae ligula. Vivamus consectetur neque sit amet auctor tristique.','<p style=\"margin: 0px 0px 15px; padding: 0px; text-align: justify; color: #000000; font-family: \'Open Sans\', Arial, sans-serif;\">Lorem ipsum dolor sit amet, consectetur adipiscing elit. Integer id nisi a sapien vestibulum congue quis vitae ligula. Vivamus consectetur neque sit amet auctor tristique. Aenean pretium eu arcu quis ultricies. Proin et erat non purus elementum rhoncus cursus vel ex. Nunc pharetra tristique massa, sed sollicitudin nulla. Integer non arcu blandit, ultrices nunc non, pretium libero. Lorem ipsum dolor sit amet, consectetur adipiscing elit. Proin libero enim, mattis sit amet ligula in, bibendum ultrices lorem. Quisque bibendum, urna id sodales posuere, metus urna pharetra dolor, ac varius velit ipsum a dolor. Phasellus pharetra ante eu odio placerat, non sollicitudin neque bibendum. Vivamus porta molestie ullamcorper.</p>\r\n<p style=\"margin: 0px 0px 15px; padding: 0px; text-align: justify; color: #000000; font-family: \'Open Sans\', Arial, sans-serif;\">Vivamus ac urna vestibulum, semper quam id, gravida nibh. Vivamus id ex rutrum, condimentum tortor sed, ultricies mauris. Pellentesque in arcu vitae urna blandit aliquet nec et turpis. Donec porttitor quam sit amet lacus dictum varius ut feugiat dui. Ut nec urna vitae odio eleifend maximus sed a neque. Vivamus libero libero, vehicula at posuere eget, accumsan ut nisl. Praesent eget volutpat diam. Maecenas magna ante, aliquet a est non, rhoncus ultrices tellus. Nulla eu pulvinar elit. Nam vitae molestie erat, eu pellentesque justo. In pharetra tristique metus, eget aliquet purus cursus vel. Cras euismod a ante ut luctus.</p>',NULL,'kependudukan','profil','profil','ACTIVE','2019-09-16 17:23:02','2019-09-16 17:23:02'),(7,1,'Topografi','Lorem ipsum','<p>lorem ipsum</p>','pages/September2019/g1HD14JtDxeDA0jtl81t.png','topografi','topografi','topografi','INACTIVE','2019-09-17 02:13:42','2019-09-17 02:13:42');
/*!40000 ALTER TABLE `pages` ENABLE KEYS */;
UNLOCK TABLES;

--
-- Table structure for table `password_resets`
--

DROP TABLE IF EXISTS `password_resets`;
/*!40101 SET @saved_cs_client     = @@character_set_client */;
/*!50503 SET character_set_client = utf8mb4 */;
CREATE TABLE `password_resets` (
  `email` varchar(255) CHARACTER SET utf8mb4 COLLATE utf8mb4_unicode_ci NOT NULL,
  `token` varchar(255) CHARACTER SET utf8mb4 COLLATE utf8mb4_unicode_ci NOT NULL,
  `created_at` timestamp NULL DEFAULT NULL,
  KEY `password_resets_email_index` (`email`)
) ENGINE=InnoDB DEFAULT CHARSET=utf8mb4 COLLATE=utf8mb4_unicode_ci;
/*!40101 SET character_set_client = @saved_cs_client */;

--
-- Dumping data for table `password_resets`
--

LOCK TABLES `password_resets` WRITE;
/*!40000 ALTER TABLE `password_resets` DISABLE KEYS */;
/*!40000 ALTER TABLE `password_resets` ENABLE KEYS */;
UNLOCK TABLES;

--
-- Table structure for table `pengumuman`
--

DROP TABLE IF EXISTS `pengumuman`;
/*!40101 SET @saved_cs_client     = @@character_set_client */;
/*!50503 SET character_set_client = utf8mb4 */;
CREATE TABLE `pengumuman` (
  `id` int(10) unsigned NOT NULL AUTO_INCREMENT,
  `title` varchar(255) CHARACTER SET utf8mb4 COLLATE utf8mb4_unicode_ci NOT NULL,
  `description` longtext CHARACTER SET utf8mb4 COLLATE utf8mb4_unicode_ci,
  `image` varchar(255) CHARACTER SET utf8mb4 COLLATE utf8mb4_unicode_ci DEFAULT NULL,
  `user_id` int(10) unsigned DEFAULT NULL,
  `created_at` timestamp NULL DEFAULT NULL,
  `updated_at` timestamp NULL DEFAULT NULL,
  `slug` varchar(255) COLLATE utf8mb4_unicode_ci NOT NULL,
  PRIMARY KEY (`id`)
) ENGINE=InnoDB AUTO_INCREMENT=7 DEFAULT CHARSET=utf8mb4 COLLATE=utf8mb4_unicode_ci;
/*!40101 SET character_set_client = @saved_cs_client */;

--
-- Dumping data for table `pengumuman`
--

LOCK TABLES `pengumuman` WRITE;
/*!40000 ALTER TABLE `pengumuman` DISABLE KEYS */;
INSERT INTO `pengumuman` VALUES (2,'Peraturan daerah baru','<p>peraturan baru</p>','pengumuman/July2019/kcCgkSSpynvMP7Bbth71.jpg',1,'2019-07-28 10:49:19','2019-07-28 10:49:19',''),(3,'Peraturan daerah baru no 111','<p>sadfasdifnsafknsadlkfasdfsdf dsfasdfdsf dsaf dsaf dsa fsad f asd fasd fasdfsdaf</p>','pengumuman/September2019/8XYJFO0wZv6bShazNnSj.jpg',1,'2019-09-14 07:23:06','2019-09-14 07:23:06','peraturan-daerah-baru-no-111'),(4,'Lorem ipsum dolor sit amet, consectetur adipiscing elit, sed do eiusmod tempor incididunt ut labore et dolore magna aliqua','<p><span style=\"color: #000000; font-family: \'Open Sans\', Arial, sans-serif; text-align: justify;\"><strong>Lorem ipsum dolor sit amet</strong>, consectetur adipiscing elit, sed do eiusmod tempor incididunt ut labore et dolore magna aliqua. Ut enim ad minim veniam, quis nostrud exercitation ullamco laboris nisi ut aliquip ex ea commodo consequat. Duis aute irure dolor in reprehenderit in voluptate velit esse cillum dolore eu fugiat nulla pariatur. Excepteur sint occaecat cupidatat non proident, sunt in culpa qui officia deserunt mollit anim id est laborum.</span></p>\r\n<p><span style=\"color: #000000; font-family: \'Open Sans\', Arial, sans-serif; text-align: justify;\"><img src=\"https://muna.ryzdev.id/storage/pengumuman/September2019/nodejs-logo-vector-png-node-js-logo-nodejs-javascript-source-code-960.png\" alt=\"\" /></span></p>\r\n<p><span style=\"color: #000000; font-family: \'Open Sans\', Arial, sans-serif; text-align: justify;\">Lorem ipsum dolor sit amet, consectetur adipiscing elit, sed do eiusmod tempor incididunt ut labore et dolore magna aliqua. Ut enim ad minim veniam, quis nostrud exercitation ullamco laboris nisi ut aliquip ex ea commodo consequat. Duis aute irure dolor in reprehenderit in voluptate velit esse cillum dolore eu fugiat nulla pariatur. Excepteur sint occaecat cupidatat non proident, sunt in culpa qui officia deserunt mollit anim id est laborum.</span></p>','pengumuman/September2019/Jf1y9bu5bxNo8EzoeNoF.png',1,'2019-09-15 03:10:11','2019-09-15 03:10:11','lorem-ipsum-dolor-sit-amet-consectetur-adipiscing-elit-sed-do-eiusmod-tempor-incididunt-ut-labore-et-dolore-magna-aliqua'),(5,'Sed ut perspiciatis unde omnis iste natus error sit','<p><span style=\"color: #000000; font-family: \'Open Sans\', Arial, sans-serif; text-align: justify;\">Sed ut perspiciatis unde omnis iste natus error sit voluptatem accusantium doloremque laudantium, totam rem aperiam, eaque ipsa quae ab illo inventore veritatis et quasi architecto beatae vitae dicta sunt explicabo. Nemo enim ipsam voluptatem quia voluptas sit aspernatur aut odit aut fugit, sed quia consequuntur magni dolores eos qui ratione voluptatem sequi nesciunt. Neque porro quisquam est, qui dolorem ipsum quia dolor sit amet, consectetur, adipisci velit, sed quia non numquam eius modi tempora incidunt ut labore et dolore magnam aliquam quaerat voluptatem. Ut enim ad minima veniam, quis nostrum exercitationem ullam corporis suscipit laboriosam, nisi ut aliquid ex ea commodi consequatur? Quis autem vel eum iure reprehenderit qui in ea voluptate velit esse quam nihil molestiae consequatur, vel illum qui dolorem eum fugiat quo voluptas nulla pariatur</span></p>','pengumuman/September2019/40JaUegzUAGP0F1R5veP.png',1,'2019-09-15 03:35:59','2019-09-15 03:35:59','sed-ut-perspiciatis-unde-omnis-iste-natus-error-sit'),(6,'Launching Website Kabupaten Muna','<p style=\"margin: 0px 0px 15px; padding: 0px; text-align: justify; color: #000000; font-family: \'Open Sans\', Arial, sans-serif;\">Lorem ipsum dolor sit amet, consectetur adipiscing elit. Integer id nisi a sapien vestibulum congue quis vitae ligula. Vivamus consectetur neque sit amet auctor tristique. Aenean pretium eu arcu quis ultricies. Proin et erat non purus elementum rhoncus cursus vel ex. Nunc pharetra tristique massa, sed sollicitudin nulla. Integer non arcu blandit, ultrices nunc non, pretium libero. Lorem ipsum dolor sit amet, consectetur adipiscing elit. Proin libero enim, mattis sit amet ligula in, bibendum ultrices lorem. Quisque bibendum, urna id sodales posuere, metus urna pharetra dolor, ac varius velit ipsum a dolor. Phasellus pharetra ante eu odio placerat, non sollicitudin neque bibendum. Vivamus porta molestie ullamcorper.</p>\r\n<p style=\"margin: 0px 0px 15px; padding: 0px; text-align: justify; color: #000000; font-family: \'Open Sans\', Arial, sans-serif;\">Vivamus ac urna vestibulum, semper quam id, gravida nibh. Vivamus id ex rutrum, condimentum tortor sed, ultricies mauris. Pellentesque in arcu vitae urna blandit aliquet nec et turpis. Donec porttitor quam sit amet lacus dictum varius ut feugiat dui. Ut nec urna vitae odio eleifend maximus sed a neque. Vivamus libero libero, vehicula at posuere eget, accumsan ut nisl. Praesent eget volutpat diam. Maecenas magna ante, aliquet a est non, rhoncus ultrices tellus. Nulla eu pulvinar elit. Nam vitae molestie erat, eu pellentesque justo. In pharetra tristique metus, eget aliquet purus cursus vel. Cras euismod a ante ut luctus.</p>','pengumuman/September2019/V4TO5R8recMUPhbxBSZK.jpeg',1,'2019-09-16 12:57:19','2019-09-16 12:57:19','launching-website-kabupaten-muna');
/*!40000 ALTER TABLE `pengumuman` ENABLE KEYS */;
UNLOCK TABLES;

--
-- Table structure for table `permission_role`
--

DROP TABLE IF EXISTS `permission_role`;
/*!40101 SET @saved_cs_client     = @@character_set_client */;
/*!50503 SET character_set_client = utf8mb4 */;
CREATE TABLE `permission_role` (
  `permission_id` bigint(20) unsigned NOT NULL,
  `role_id` bigint(20) unsigned NOT NULL,
  PRIMARY KEY (`permission_id`,`role_id`),
  KEY `permission_role_permission_id_index` (`permission_id`),
  KEY `permission_role_role_id_index` (`role_id`),
  CONSTRAINT `permission_role_permission_id_foreign` FOREIGN KEY (`permission_id`) REFERENCES `permissions` (`id`) ON DELETE CASCADE,
  CONSTRAINT `permission_role_role_id_foreign` FOREIGN KEY (`role_id`) REFERENCES `roles` (`id`) ON DELETE CASCADE
) ENGINE=InnoDB DEFAULT CHARSET=utf8mb4 COLLATE=utf8mb4_unicode_ci;
/*!40101 SET character_set_client = @saved_cs_client */;

--
-- Dumping data for table `permission_role`
--

LOCK TABLES `permission_role` WRITE;
/*!40000 ALTER TABLE `permission_role` DISABLE KEYS */;
INSERT INTO `permission_role` VALUES (1,1),(1,5),(2,1),(3,1),(4,1),(5,1),(6,1),(6,3),(7,1),(7,3),(8,1),(8,3),(9,1),(9,3),(10,1),(10,3),(11,1),(12,1),(13,1),(14,1),(15,1),(16,1),(16,3),(17,1),(17,3),(18,1),(18,3),(19,1),(19,3),(20,1),(20,3),(21,1),(21,3),(22,1),(22,3),(23,1),(23,3),(24,1),(25,1),(25,3),(26,1),(27,1),(27,3),(28,1),(28,3),(29,1),(29,3),(30,1),(30,3),(31,1),(31,3),(32,1),(32,3),(32,5),(33,1),(33,3),(33,5),(34,1),(34,3),(34,5),(35,1),(35,3),(35,5),(36,1),(36,3),(36,5),(37,1),(37,3),(38,1),(38,3),(39,1),(39,3),(40,1),(40,3),(41,1),(41,3),(42,1),(42,3),(42,5),(43,1),(43,3),(43,5),(44,1),(44,3),(44,5),(45,1),(45,3),(45,5),(46,1),(46,3),(46,5),(47,1),(48,1),(49,1),(50,1),(51,1),(57,1),(58,1),(59,1),(60,1),(61,1),(62,1),(63,1),(64,1),(65,1),(66,1);
/*!40000 ALTER TABLE `permission_role` ENABLE KEYS */;
UNLOCK TABLES;

--
-- Table structure for table `permissions`
--

DROP TABLE IF EXISTS `permissions`;
/*!40101 SET @saved_cs_client     = @@character_set_client */;
/*!50503 SET character_set_client = utf8mb4 */;
CREATE TABLE `permissions` (
  `id` bigint(20) unsigned NOT NULL AUTO_INCREMENT,
  `key` varchar(255) CHARACTER SET utf8mb4 COLLATE utf8mb4_unicode_ci NOT NULL,
  `table_name` varchar(255) CHARACTER SET utf8mb4 COLLATE utf8mb4_unicode_ci DEFAULT NULL,
  `created_at` timestamp NULL DEFAULT NULL,
  `updated_at` timestamp NULL DEFAULT NULL,
  PRIMARY KEY (`id`),
  KEY `permissions_key_index` (`key`)
) ENGINE=InnoDB AUTO_INCREMENT=67 DEFAULT CHARSET=utf8mb4 COLLATE=utf8mb4_unicode_ci;
/*!40101 SET character_set_client = @saved_cs_client */;

--
-- Dumping data for table `permissions`
--

LOCK TABLES `permissions` WRITE;
/*!40000 ALTER TABLE `permissions` DISABLE KEYS */;
INSERT INTO `permissions` VALUES (1,'browse_admin',NULL,'2019-07-09 03:48:38','2019-07-09 03:48:38'),(2,'browse_bread',NULL,'2019-07-09 03:48:39','2019-07-09 03:48:39'),(3,'browse_database',NULL,'2019-07-09 03:48:39','2019-07-09 03:48:39'),(4,'browse_media',NULL,'2019-07-09 03:48:39','2019-07-09 03:48:39'),(5,'browse_compass',NULL,'2019-07-09 03:48:39','2019-07-09 03:48:39'),(6,'browse_menus','menus','2019-07-09 03:48:39','2019-07-09 03:48:39'),(7,'read_menus','menus','2019-07-09 03:48:39','2019-07-09 03:48:39'),(8,'edit_menus','menus','2019-07-09 03:48:39','2019-07-09 03:48:39'),(9,'add_menus','menus','2019-07-09 03:48:39','2019-07-09 03:48:39'),(10,'delete_menus','menus','2019-07-09 03:48:39','2019-07-09 03:48:39'),(11,'browse_roles','roles','2019-07-09 03:48:39','2019-07-09 03:48:39'),(12,'read_roles','roles','2019-07-09 03:48:39','2019-07-09 03:48:39'),(13,'edit_roles','roles','2019-07-09 03:48:39','2019-07-09 03:48:39'),(14,'add_roles','roles','2019-07-09 03:48:39','2019-07-09 03:48:39'),(15,'delete_roles','roles','2019-07-09 03:48:40','2019-07-09 03:48:40'),(16,'browse_users','users','2019-07-09 03:48:40','2019-07-09 03:48:40'),(17,'read_users','users','2019-07-09 03:48:40','2019-07-09 03:48:40'),(18,'edit_users','users','2019-07-09 03:48:40','2019-07-09 03:48:40'),(19,'add_users','users','2019-07-09 03:48:40','2019-07-09 03:48:40'),(20,'delete_users','users','2019-07-09 03:48:41','2019-07-09 03:48:41'),(21,'browse_settings','settings','2019-07-09 03:48:41','2019-07-09 03:48:41'),(22,'read_settings','settings','2019-07-09 03:48:41','2019-07-09 03:48:41'),(23,'edit_settings','settings','2019-07-09 03:48:41','2019-07-09 03:48:41'),(24,'add_settings','settings','2019-07-09 03:48:41','2019-07-09 03:48:41'),(25,'delete_settings','settings','2019-07-09 03:48:41','2019-07-09 03:48:41'),(26,'browse_hooks',NULL,'2019-07-09 03:48:50','2019-07-09 03:48:50'),(27,'browse_categories','categories','2019-07-09 04:59:01','2019-07-09 04:59:01'),(28,'read_categories','categories','2019-07-09 04:59:02','2019-07-09 04:59:02'),(29,'edit_categories','categories','2019-07-09 04:59:03','2019-07-09 04:59:03'),(30,'add_categories','categories','2019-07-09 04:59:03','2019-07-09 04:59:03'),(31,'delete_categories','categories','2019-07-09 04:59:04','2019-07-09 04:59:04'),(32,'browse_posts','posts','2019-07-09 04:59:05','2019-07-09 04:59:05'),(33,'read_posts','posts','2019-07-09 04:59:06','2019-07-09 04:59:06'),(34,'edit_posts','posts','2019-07-09 04:59:06','2019-07-09 04:59:06'),(35,'add_posts','posts','2019-07-09 04:59:06','2019-07-09 04:59:06'),(36,'delete_posts','posts','2019-07-09 04:59:06','2019-07-09 04:59:06'),(37,'browse_pages','pages','2019-07-09 04:59:09','2019-07-09 04:59:09'),(38,'read_pages','pages','2019-07-09 04:59:09','2019-07-09 04:59:09'),(39,'edit_pages','pages','2019-07-09 04:59:10','2019-07-09 04:59:10'),(40,'add_pages','pages','2019-07-09 04:59:11','2019-07-09 04:59:11'),(41,'delete_pages','pages','2019-07-09 04:59:14','2019-07-09 04:59:14'),(42,'browse_opd','opd','2019-07-09 05:56:19','2019-07-09 05:56:19'),(43,'read_opd','opd','2019-07-09 05:56:19','2019-07-09 05:56:19'),(44,'edit_opd','opd','2019-07-09 05:56:19','2019-07-09 05:56:19'),(45,'add_opd','opd','2019-07-09 05:56:19','2019-07-09 05:56:19'),(46,'delete_opd','opd','2019-07-09 05:56:19','2019-07-09 05:56:19'),(47,'browse_slider','slider','2019-07-26 09:10:57','2019-07-26 09:10:57'),(48,'read_slider','slider','2019-07-26 09:10:57','2019-07-26 09:10:57'),(49,'edit_slider','slider','2019-07-26 09:10:57','2019-07-26 09:10:57'),(50,'add_slider','slider','2019-07-26 09:10:57','2019-07-26 09:10:57'),(51,'delete_slider','slider','2019-07-26 09:10:57','2019-07-26 09:10:57'),(57,'browse_pengumuman','pengumuman','2019-07-27 00:07:49','2019-07-27 00:07:49'),(58,'read_pengumuman','pengumuman','2019-07-27 00:07:49','2019-07-27 00:07:49'),(59,'edit_pengumuman','pengumuman','2019-07-27 00:07:49','2019-07-27 00:07:49'),(60,'add_pengumuman','pengumuman','2019-07-27 00:07:49','2019-07-27 00:07:49'),(61,'delete_pengumuman','pengumuman','2019-07-27 00:07:49','2019-07-27 00:07:49'),(62,'browse_struktur_pemerintahan','struktur_pemerintahan','2019-07-27 02:47:17','2019-07-27 02:47:17'),(63,'read_struktur_pemerintahan','struktur_pemerintahan','2019-07-27 02:47:17','2019-07-27 02:47:17'),(64,'edit_struktur_pemerintahan','struktur_pemerintahan','2019-07-27 02:47:17','2019-07-27 02:47:17'),(65,'add_struktur_pemerintahan','struktur_pemerintahan','2019-07-27 02:47:17','2019-07-27 02:47:17'),(66,'delete_struktur_pemerintahan','struktur_pemerintahan','2019-07-27 02:47:17','2019-07-27 02:47:17');
/*!40000 ALTER TABLE `permissions` ENABLE KEYS */;
UNLOCK TABLES;

--
-- Table structure for table `posts`
--

DROP TABLE IF EXISTS `posts`;
/*!40101 SET @saved_cs_client     = @@character_set_client */;
/*!50503 SET character_set_client = utf8mb4 */;
CREATE TABLE `posts` (
  `id` int(10) unsigned NOT NULL AUTO_INCREMENT,
  `author_id` int(11) NOT NULL,
  `category_id` int(11) DEFAULT NULL,
  `title` varchar(255) CHARACTER SET utf8mb4 COLLATE utf8mb4_unicode_ci NOT NULL,
  `seo_title` varchar(255) CHARACTER SET utf8mb4 COLLATE utf8mb4_unicode_ci DEFAULT NULL,
  `excerpt` text CHARACTER SET utf8mb4 COLLATE utf8mb4_unicode_ci,
  `body` text CHARACTER SET utf8mb4 COLLATE utf8mb4_unicode_ci NOT NULL,
  `image` varchar(255) CHARACTER SET utf8mb4 COLLATE utf8mb4_unicode_ci DEFAULT NULL,
  `slug` varchar(255) CHARACTER SET utf8mb4 COLLATE utf8mb4_unicode_ci NOT NULL,
  `meta_description` text CHARACTER SET utf8mb4 COLLATE utf8mb4_unicode_ci,
  `meta_keywords` text CHARACTER SET utf8mb4 COLLATE utf8mb4_unicode_ci,
  `status` enum('PUBLISHED','DRAFT','PENDING') CHARACTER SET utf8mb4 COLLATE utf8mb4_unicode_ci NOT NULL DEFAULT 'DRAFT',
  `featured` tinyint(1) NOT NULL DEFAULT '0',
  `created_at` timestamp NULL DEFAULT NULL,
  `updated_at` timestamp NULL DEFAULT NULL,
  PRIMARY KEY (`id`),
  UNIQUE KEY `posts_slug_unique` (`slug`)
) ENGINE=InnoDB AUTO_INCREMENT=13 DEFAULT CHARSET=utf8mb4 COLLATE=utf8mb4_unicode_ci;
/*!40101 SET character_set_client = @saved_cs_client */;

--
-- Dumping data for table `posts`
--

LOCK TABLES `posts` WRITE;
/*!40000 ALTER TABLE `posts` DISABLE KEYS */;
INSERT INTO `posts` VALUES (8,1,1,'Dorong Keterlibatan Swasta, Pemerintah Keluarkan Super Deduction Vokasi',NULL,'Jakarta, Kominfo - Direktur Penyuluhan, Pelayanan, dan Hubungan Masyarakat Direktorat Jenderal Pajak Kementerian Keuangan Hestu Yoga Saksama mengakui terbitnya Peraturan Menteri Keuangan (PMK) Nomor 128/PMK.010/2019 tentang Pemberian Pengurangan Penghasilan Bruto Atas Penyelenggaraan Kegiatan Praktik Kerja, Pemagangan, dan/atau Pembelajaran dalam Rangka Pembinaan dan Pengembangan Sumber Daya Manusia Berbasis Kompetensi Tertentu.','<p style=\"box-sizing: border-box; margin: 0px 0px -15px; padding: 1em 0px; border: 0px; outline: 0px; font-variant-numeric: inherit; font-variant-east-asian: inherit; font-stretch: inherit; font-size: 15px; line-height: 1.6; font-family: \'Open Sans\', sans-serif; vertical-align: baseline; text-size-adjust: none; position: relative; color: #333333 !important;\">Jakarta, Kominfo -&nbsp;<span style=\"box-sizing: border-box; margin: 0px; padding: 0px; border: 0px; outline: 0px; font-style: inherit; font-variant: inherit; font-weight: inherit; font-stretch: inherit; font-size: 12.16px; line-height: inherit; font-family: inherit; vertical-align: baseline; text-size-adjust: none;\">Direktur Penyuluhan, Pelayanan, dan Hubungan Masyarakat Direktorat Jenderal Pajak Kementerian Keuangan Hestu Yoga Saksama mengakui terbitnya Peraturan Menteri Keuangan (PMK) Nomor 128/PMK.010/2019 tentang Pemberian Pengurangan Penghasilan Bruto Atas Penyelenggaraan Kegiatan Praktik Kerja, Pemagangan, dan/atau Pembelajaran dalam Rangka Pembinaan dan Pengembangan Sumber Daya Manusia Berbasis Kompetensi Tertentu.</span><span class=\"Apple-converted-space\" style=\"box-sizing: border-box; margin: 0px; padding: 0px; border: 0px; outline: 0px; font-style: inherit; font-variant: inherit; font-weight: inherit; font-stretch: inherit; font-size: 12.16px; line-height: inherit; font-family: inherit; vertical-align: baseline; text-size-adjust: none;\">&nbsp;</span></p>\r\n<p class=\"p1\" style=\"box-sizing: border-box; margin: 0px 0px -15px; padding: 1em 0px; border: 0px; outline: 0px; font-variant-numeric: inherit; font-variant-east-asian: inherit; font-stretch: inherit; font-size: 15px; line-height: 1.6; font-family: \'Open Sans\', sans-serif; vertical-align: baseline; text-size-adjust: none; position: relative; color: #333333 !important;\"><span class=\"s1\" style=\"box-sizing: border-box; margin: 0px; padding: 0px; border: 0px; outline: 0px; font-style: inherit; font-variant: inherit; font-weight: inherit; font-stretch: inherit; line-height: inherit; font-family: inherit; vertical-align: baseline; text-size-adjust: none;\">Wajib pajak badan yang mengeluarkan biaya untuk kegiatan praktik kerja, pemagangan, atau pembelajaran untuk pengembangan kompetensi tertentu dapat menerima pengurangan penghasilan bruto hingga 200 persen dari biaya yang dikeluarkan tersebut, atau Super Deduction Vokasi.</span></p>\r\n<p class=\"p1\" style=\"box-sizing: border-box; margin: 0px 0px -15px; padding: 1em 0px; border: 0px; outline: 0px; font-variant-numeric: inherit; font-variant-east-asian: inherit; font-stretch: inherit; font-size: 15px; line-height: 1.6; font-family: \'Open Sans\', sans-serif; vertical-align: baseline; text-size-adjust: none; position: relative; color: #333333 !important;\"><span class=\"s1\" style=\"box-sizing: border-box; margin: 0px; padding: 0px; border: 0px; outline: 0px; font-style: inherit; font-variant: inherit; font-weight: inherit; font-stretch: inherit; line-height: inherit; font-family: inherit; vertical-align: baseline; text-size-adjust: none;\">Menurut Hestu Yoga, PMK yang memberikan insentif besar-besaran bagi wajib pajak badan yang terlibat dalam kegiatan vokasi itu dimaksudkan untuk mendorong keterlibatan swasta dalam mengembangkan kualitas sumber daya manusia (SDM) Indonesia.<span class=\"Apple-converted-space\" style=\"box-sizing: border-box; margin: 0px; padding: 0px; border: 0px; outline: 0px; font-style: inherit; font-variant: inherit; font-weight: inherit; font-stretch: inherit; line-height: inherit; font-family: inherit; vertical-align: baseline; text-size-adjust: none;\">&nbsp;</span></span></p>\r\n<p class=\"p1\" style=\"box-sizing: border-box; margin: 0px 0px -15px; padding: 1em 0px; border: 0px; outline: 0px; font-variant-numeric: inherit; font-variant-east-asian: inherit; font-stretch: inherit; font-size: 15px; line-height: 1.6; font-family: \'Open Sans\', sans-serif; vertical-align: baseline; text-size-adjust: none; position: relative; color: #333333 !important;\"><span class=\"s1\" style=\"box-sizing: border-box; margin: 0px; padding: 0px; border: 0px; outline: 0px; font-style: inherit; font-variant: inherit; font-weight: inherit; font-stretch: inherit; line-height: inherit; font-family: inherit; vertical-align: baseline; text-size-adjust: none;\">&ldquo;Insentif pajak ini diberikan untuk mendorong keterlibatan pihak swasta untuk aktif mengembangkan kualitas sumber daya manusia Indonesia melalui pelatihan kerja,&rdquo; kata Hestu di Jakarta, Minggu (15/09/2019).<span class=\"Apple-converted-space\" style=\"box-sizing: border-box; margin: 0px; padding: 0px; border: 0px; outline: 0px; font-style: inherit; font-variant: inherit; font-weight: inherit; font-stretch: inherit; line-height: inherit; font-family: inherit; vertical-align: baseline; text-size-adjust: none;\">&nbsp;</span></span></p>\r\n<p class=\"p1\" style=\"box-sizing: border-box; margin: 0px 0px -15px; padding: 1em 0px; border: 0px; outline: 0px; font-variant-numeric: inherit; font-variant-east-asian: inherit; font-stretch: inherit; font-size: 15px; line-height: 1.6; font-family: \'Open Sans\', sans-serif; vertical-align: baseline; text-size-adjust: none; position: relative; color: #333333 !important;\"><span class=\"s1\" style=\"box-sizing: border-box; margin: 0px; padding: 0px; border: 0px; outline: 0px; font-style: inherit; font-variant: inherit; font-weight: inherit; font-stretch: inherit; line-height: inherit; font-family: inherit; vertical-align: baseline; text-size-adjust: none;\">Hestu menjelaskan, melalui (PMK) Nomor 128/PMK.010/2019 itu wajib pajak badan yang mengeluarkan biaya untuk kegiatan praktik kerja, pemagangan, atau pembelajaran untuk pengembangan kompetensi tertentu dapat menerima pengurangan penghasilan bruto hingga 200 persen dari biaya yang dikeluarkan tersebut.<span class=\"Apple-converted-space\" style=\"box-sizing: border-box; margin: 0px; padding: 0px; border: 0px; outline: 0px; font-style: inherit; font-variant: inherit; font-weight: inherit; font-stretch: inherit; line-height: inherit; font-family: inherit; vertical-align: baseline; text-size-adjust: none;\">&nbsp;</span></span></p>\r\n<p class=\"p1\" style=\"box-sizing: border-box; margin: 0px 0px -15px; padding: 1em 0px; border: 0px; outline: 0px; font-variant-numeric: inherit; font-variant-east-asian: inherit; font-stretch: inherit; font-size: 15px; line-height: 1.6; font-family: \'Open Sans\', sans-serif; vertical-align: baseline; text-size-adjust: none; position: relative; color: #333333 !important;\"><span class=\"s1\" style=\"box-sizing: border-box; margin: 0px; padding: 0px; border: 0px; outline: 0px; font-style: inherit; font-variant: inherit; font-weight: inherit; font-stretch: inherit; line-height: inherit; font-family: inherit; vertical-align: baseline; text-size-adjust: none;\">&ldquo;Untuk menerima fasilitas ini, wajib pajak harus telah melakukan kegiatan praktik kerja, pemagangan, atau pembelajaran yang dilakukan berdasarkan perjanjian kerja sama dengan sekolah vokasi. Selain itu perusahaan juga harus telah memenuhi kewajiban perpajakannya dan tidak dalam keadaan rugi,&rdquo; terang Hestu.<span class=\"Apple-converted-space\" style=\"box-sizing: border-box; margin: 0px; padding: 0px; border: 0px; outline: 0px; font-style: inherit; font-variant: inherit; font-weight: inherit; font-stretch: inherit; line-height: inherit; font-family: inherit; vertical-align: baseline; text-size-adjust: none;\">&nbsp;</span></span></p>\r\n<p class=\"p1\" style=\"box-sizing: border-box; margin: 0px 0px -15px; padding: 1em 0px; border: 0px; outline: 0px; font-variant-numeric: inherit; font-variant-east-asian: inherit; font-stretch: inherit; font-size: 15px; line-height: 1.6; font-family: \'Open Sans\', sans-serif; vertical-align: baseline; text-size-adjust: none; position: relative; color: #333333 !important;\"><span class=\"s1\" style=\"box-sizing: border-box; margin: 0px; padding: 0px; border: 0px; outline: 0px; font-style: inherit; font-variant: inherit; font-weight: inherit; font-stretch: inherit; line-height: inherit; font-family: inherit; vertical-align: baseline; text-size-adjust: none;\">Direktur Hestu menyebutkan,&nbsp; sekolah vokasi meliputi sekolah menengah kejuruan, madrasah aliyah kejuruan, perguruan tinggi program diploma pada pendidikan vokasi, balai latihan kerja, atau instansi pemerintah di bidang ketenagakerjaan.<span class=\"Apple-converted-space\" style=\"box-sizing: border-box; margin: 0px; padding: 0px; border: 0px; outline: 0px; font-style: inherit; font-variant: inherit; font-weight: inherit; font-stretch: inherit; line-height: inherit; font-family: inherit; vertical-align: baseline; text-size-adjust: none;\">&nbsp;</span></span></p>\r\n<p class=\"p1\" style=\"box-sizing: border-box; margin: 0px 0px -15px; padding: 1em 0px; border: 0px; outline: 0px; font-variant-numeric: inherit; font-variant-east-asian: inherit; font-stretch: inherit; font-size: 15px; line-height: 1.6; font-family: \'Open Sans\', sans-serif; vertical-align: baseline; text-size-adjust: none; position: relative; color: #333333 !important;\"><span class=\"s1\" style=\"box-sizing: border-box; margin: 0px; padding: 0px; border: 0px; outline: 0px; font-style: inherit; font-variant: inherit; font-weight: inherit; font-stretch: inherit; line-height: inherit; font-family: inherit; vertical-align: baseline; text-size-adjust: none;\">Adapun jenis biaya yang dapat diakui untuk mendapatkan fasilitas ini termasuk biaya penyediaan tempat pelatihan, biaya instruktur atau pengajar, biaya barang atau bahan, honorarium atau pembayaran sejenis yang diberikan kepada peserta, dan biaya sertifikasi kompetensi bagi peserta program vokasi.<span class=\"Apple-converted-space\" style=\"box-sizing: border-box; margin: 0px; padding: 0px; border: 0px; outline: 0px; font-style: inherit; font-variant: inherit; font-weight: inherit; font-stretch: inherit; line-height: inherit; font-family: inherit; vertical-align: baseline; text-size-adjust: none;\">&nbsp;</span></span></p>\r\n<p class=\"p1\" style=\"box-sizing: border-box; margin: 0px 0px -15px; padding: 1em 0px; border: 0px; outline: 0px; font-variant-numeric: inherit; font-variant-east-asian: inherit; font-stretch: inherit; font-size: 15px; line-height: 1.6; font-family: \'Open Sans\', sans-serif; vertical-align: baseline; text-size-adjust: none; position: relative; color: #333333 !important;\"><span class=\"s1\" style=\"box-sizing: border-box; margin: 0px; padding: 0px; border: 0px; outline: 0px; font-style: inherit; font-variant: inherit; font-weight: inherit; font-stretch: inherit; line-height: inherit; font-family: inherit; vertical-align: baseline; text-size-adjust: none;\">&ldquo;Fokus kompetensi yang didorong meliputi 127 jenis kompetensi untuk siswa, pendidik dan tenaga kependidikan pada sekolah menengah atau madrasah aliyah kejuruan, 268 jenis untuk mahasiswa, pendidik, dan tenaga kependidikan pada perguruan tinggi program diploma vokasi, serta 58 jenis untuk perorangan, peserta latih, instruktur, dan tenaga kepelatihan pada balai latihan kerja,&rdquo; terang Hestu.<span class=\"Apple-converted-space\" style=\"box-sizing: border-box; margin: 0px; padding: 0px; border: 0px; outline: 0px; font-style: inherit; font-variant: inherit; font-weight: inherit; font-stretch: inherit; line-height: inherit; font-family: inherit; vertical-align: baseline; text-size-adjust: none;\">&nbsp;</span></span></p>\r\n<p class=\"p1\" style=\"box-sizing: border-box; margin: 0px 0px -15px; padding: 1em 0px; border: 0px; outline: 0px; font-variant-numeric: inherit; font-variant-east-asian: inherit; font-stretch: inherit; font-size: 15px; line-height: 1.6; font-family: \'Open Sans\', sans-serif; vertical-align: baseline; text-size-adjust: none; position: relative; color: #333333 !important;\"><span class=\"s1\" style=\"box-sizing: border-box; margin: 0px; padding: 0px; border: 0px; outline: 0px; font-style: inherit; font-variant: inherit; font-weight: inherit; font-stretch: inherit; line-height: inherit; font-family: inherit; vertical-align: baseline; text-size-adjust: none;\">Menurut &nbsp;Direktur Penyuluhan, Pelayanan, dan Hubungan Masyarakat Ditjen Pajak itu, ragam jenis kompetensi ini mencakup berbagai sektor termasuk manufaktur, kesehatan, agribisnis, pariwisata, industri kreatif, dan ekonomi digital. Untuk mendapatkan fasilitas ini, lanjut Hestu, wajib pajak cukup menyampaikan pemberitahuan melalui sistem&nbsp;<em style=\"box-sizing: border-box; margin: 0px; padding: 0px; border: none; outline: 0px; text-size-adjust: none;\">online single submission</em>.</span></p>','posts/September2019/yrQ5YugAgDtJtMIEzbCE.jpg','dorong-keterlibatan-swasta-pemerintah-keluarkan-super-deduction-vokasi',NULL,NULL,'PUBLISHED',1,'2019-09-16 13:13:01','2019-09-16 13:43:29'),(9,1,1,'Sinergi Antarlembaga Pemerintah Kendalikan Karhutla',NULL,NULL,'<p style=\"box-sizing: border-box; margin: 0px 0px -15px; padding: 1em 0px; border: 0px; outline: 0px; font-variant-numeric: inherit; font-variant-east-asian: inherit; font-stretch: inherit; font-size: 15px; line-height: 1.6; font-family: \'Open Sans\', sans-serif; vertical-align: baseline; text-size-adjust: none; position: relative; color: #333333 !important;\">Jakarta, Kominfo - Pemerintah meningkatkan sinergi untuk penanganan kebakaran hutan dan lahan (karhutla).&nbsp;Hal itu disampaikan oleh&nbsp;Direktur Jenderal Penegakan Hukum LHK, Rasio Ridho Sani&nbsp;dalam petemuan dengan pekerja media di Ruang Serbaguna Sutopo Purwo Nugroho Kantor BNPB, Jakarta, Sabtu (14/09/2019).</p>\r\n<p style=\"box-sizing: border-box; margin: 0px 0px -15px; padding: 1em 0px; border: 0px; outline: 0px; font-variant-numeric: inherit; font-variant-east-asian: inherit; font-stretch: inherit; font-size: 15px; line-height: 1.6; font-family: \'Open Sans\', sans-serif; vertical-align: baseline; text-size-adjust: none; position: relative; color: #333333 !important;\">\"Tiga direktur kami sedang bekerja di Riau, Kalimantan Barat dan Kalimantan Tengah. Kami tidak pernah libur dalam penanggulangan kebakaran hutan dan lahan ini, karena mereka (pelaku) juga tidak pernah libur,&rdquo; jelas Rasio Ridho Sani.&nbsp;</p>\r\n<p style=\"box-sizing: border-box; margin: 0px 0px -15px; padding: 1em 0px; border: 0px; outline: 0px; font-variant-numeric: inherit; font-variant-east-asian: inherit; font-stretch: inherit; font-size: 15px; line-height: 1.6; font-family: \'Open Sans\', sans-serif; vertical-align: baseline; text-size-adjust: none; position: relative; color: #333333 !important;\"><span style=\"box-sizing: border-box; margin: 0px; padding: 0px; border: 0px; outline: 0px; font-style: inherit; font-variant: inherit; font-weight: inherit; font-stretch: inherit; line-height: inherit; font-family: inherit; vertical-align: baseline; text-size-adjust: none;\">Ridho menambahkan bahwa dukungan dari pemerintah daerah, seperti bupati dan walikota sangat dibutuhkan dalam penanganan kasus kejahatan terhadap lingkungan ini. Menurutnya sepanjang 2015 KLHK banyak menggunakan gugatan administratif dan perdata dalam menindak pelaku kebakaran hutan dan lahan.</span></p>\r\n<p style=\"box-sizing: border-box; margin: 0px 0px -15px; padding: 1em 0px; border: 0px; outline: 0px; font-variant-numeric: inherit; font-variant-east-asian: inherit; font-stretch: inherit; font-size: 15px; line-height: 1.6; font-family: \'Open Sans\', sans-serif; vertical-align: baseline; text-size-adjust: none; position: relative; color: #333333 !important;\"><span style=\"box-sizing: border-box; margin: 0px; padding: 0px; border: 0px; outline: 0px; font-style: inherit; font-variant: inherit; font-weight: inherit; font-stretch: inherit; line-height: inherit; font-family: inherit; vertical-align: baseline; text-size-adjust: none;\">Selain itu, KLHK akan menambahkan gugatan pdana dan berbagai pasal berlapis baik itu penjara, denda, dan perampasan keuntungan bagi pelaku kejahatan lingkungan ini, terutama bila pelaku berasal dari korporasi.&nbsp;</span><span style=\"box-sizing: border-box; margin: 0px; padding: 0px; border: 0px; outline: 0px; font-style: inherit; font-variant: inherit; font-weight: inherit; font-stretch: inherit; line-height: inherit; font-family: inherit; vertical-align: baseline; text-size-adjust: none;\">&ldquo;Kita akan melakukan kerja multi-door, bekerja sama dengan kepolisian agar tidak hanya disidik soal lingkungan hidup tapi juga undang- undang kehutanan dan perkebunan,&rdquo; ungkap Rasio Ridho Sani.</span></p>\r\n<p style=\"box-sizing: border-box; margin: 0px 0px -15px; padding: 1em 0px; border: 0px; outline: 0px; font-variant-numeric: inherit; font-variant-east-asian: inherit; font-stretch: inherit; font-size: 15px; line-height: 1.6; font-family: \'Open Sans\', sans-serif; vertical-align: baseline; text-size-adjust: none; position: relative; color: #333333 !important;\"><span style=\"box-sizing: border-box; margin: 0px; padding: 0px; border: 0px; outline: 0px; font-style: inherit; font-variant: inherit; font-weight: inherit; font-stretch: inherit; line-height: inherit; font-family: inherit; vertical-align: baseline; text-size-adjust: none;\">Senada dengan pernyataan Dirjen Penegakan Hukum KLHK tadi, Kepala Badan Penanggulangan Bencana Nasional Doni Munardo menyampaikan, ada beberapa keluhan dari unsur Manggala Agni, TNI dan Polri yang bekerja di lapangan. \"Kalau di tingkat pusat sinergitas dari KLHK, Kepolisian, TNI, dan komponen yang ada sudah baik, namun pejabat di beberapa daerah kurang peduli. Ini adalah keluhan dari unsur komandan di lapangan,&rdquo; ungkapnya.&nbsp;</span></p>\r\n<p style=\"box-sizing: border-box; margin: 0px 0px -15px; padding: 1em 0px; border: 0px; outline: 0px; font-variant-numeric: inherit; font-variant-east-asian: inherit; font-stretch: inherit; font-size: 15px; line-height: 1.6; font-family: \'Open Sans\', sans-serif; vertical-align: baseline; text-size-adjust: none; position: relative; color: #333333 !important;\"><span style=\"box-sizing: border-box; margin: 0px; padding: 0px; border: 0px; outline: 0px; font-style: inherit; font-variant: inherit; font-weight: inherit; font-stretch: inherit; line-height: inherit; font-family: inherit; vertical-align: baseline; text-size-adjust: none;\">Menurut Doni, masih ada pejabat derah yang tidak pernah ikut rapat walaupun sudah di undang. &ldquo;Padahal saya bilang tadi, 99 persen penyebab kebakaran adalah manusia, dan 80 persennya dari lahan yang bekas terbakar, dan ini dijadikan kebun,&rdquo; cetusnya.</span></p>\r\n<p style=\"box-sizing: border-box; margin: 0px 0px -15px; padding: 1em 0px; border: 0px; outline: 0px; font-variant-numeric: inherit; font-variant-east-asian: inherit; font-stretch: inherit; font-size: 15px; line-height: 1.6; font-family: \'Open Sans\', sans-serif; vertical-align: baseline; text-size-adjust: none; position: relative; color: #333333 !important;\"><span style=\"box-sizing: border-box; margin: 0px; padding: 0px; border: 0px; outline: 0px; font-style: inherit; font-variant: inherit; font-weight: inherit; font-stretch: inherit; line-height: inherit; font-family: inherit; vertical-align: baseline; text-size-adjust: none;\">Kementerian Lingkungan Hidup dan Kehutanan (KLHK), Badan Nasional Penanggulangan Bencana (BNPB), Badan Meteorologi Klimatologi dan Geofisika (BMKG), serta Badan Restorasi Gambut (BRG), kembali bertemu untuk membahas penanganan karhutla, sesuai dengan arahan Presiden Joko Widodo.&nbsp;&nbsp;</span><span style=\"box-sizing: border-box; margin: 0px; padding: 0px; border: 0px; outline: 0px; font-style: inherit; font-variant: inherit; font-weight: inherit; font-stretch: inherit; line-height: inherit; font-family: inherit; vertical-align: baseline; text-size-adjust: none;\">Presiden telah berulang kali menegaskan, bahwa kebakaran hutan dan lahan bukan masalah pemerintah semata, tapi seluruh bangsa harus memahami, dan ikut bertanggung jawab dalam pengendalian kebakaran hutan dan lahan ini.</span></p>\r\n<p style=\"box-sizing: border-box; margin: 0px 0px -15px; padding: 1em 0px; border: 0px; outline: 0px; font-variant-numeric: inherit; font-variant-east-asian: inherit; font-stretch: inherit; font-size: 15px; line-height: 1.6; font-family: \'Open Sans\', sans-serif; vertical-align: baseline; text-size-adjust: none; position: relative; color: #333333 !important;\"><span style=\"box-sizing: border-box; margin: 0px; padding: 0px; border: 0px; outline: 0px; font-style: inherit; font-variant: inherit; font-weight: inherit; font-stretch: inherit; line-height: inherit; font-family: inherit; vertical-align: baseline; text-size-adjust: none;\">Dalam upaya tersebut, hari ini KLHK melakukan penyegelan di Riau, Kalbar dan Kalteng. Dari 43 perusahaan yang telah diselidiki, empat (4) perusahaan yang sudah jadi tersangka, dan satu pelaku perorangan. Usai jumpa pers, Dirjen Penegakan Hukum LHK dan Kepala BNPB pun bergegas meninggalkan acara menuju Bandara Halim Perdana Kusuma guna terbang ke Riau untuk memastikan semua proses penanganan karhutla berjalan baik.</span></p>\r\n<p style=\"box-sizing: border-box; margin: 0px 0px -15px; padding: 1em 0px; border: 0px; outline: 0px; font-variant-numeric: inherit; font-variant-east-asian: inherit; font-stretch: inherit; font-size: 15px; line-height: 1.6; font-family: \'Open Sans\', sans-serif; vertical-align: baseline; text-size-adjust: none; position: relative; color: #333333 !important;\"><span style=\"box-sizing: border-box; margin: 0px; padding: 0px; border: 0px; outline: 0px; font-style: inherit; font-variant: inherit; font-weight: inherit; font-stretch: inherit; line-height: inherit; font-family: inherit; vertical-align: baseline; text-size-adjust: none;\">Kondisi alam akibat El Nino tahun 2019 yang kembali terjadi di Indonesia, mirip dengan El Nino yang terjadi pada tahun 2015. Namun, saat ini, jumlah titik panas dan kebakaran hutan cukup besar. Kondisi El Nino ini membuat curah hujan di kawasan Indonesia nyaris tidak ada.&nbsp;Tercatat jumlah lahan gambut yang terbakar mencapai lebih dari 80 ribu ha, dan secara keseluruhan luas lahan yang terbakar hingga 31 Agustus 2019, mencapai 238 ribu Ha.Luas lahan gambut di Riau yang terbakar, mencapai kurang lebih 40.000 ha, dan diperkirakan sebanyak 50 unit helikopter sudah dikerahkan, dimana 42 unit diantaranya adalah milik pemerintah, dan sisanya dukungan dari unsur KLHK, TNI, Polri dan swasta.&nbsp;</span></p>\r\n<p style=\"box-sizing: border-box; margin: 0px 0px -15px; padding: 1em 0px; border: 0px; outline: 0px; font-variant-numeric: inherit; font-variant-east-asian: inherit; font-stretch: inherit; font-size: 15px; line-height: 1.6; font-family: \'Open Sans\', sans-serif; vertical-align: baseline; text-size-adjust: none; position: relative; color: #333333 !important;\"><span style=\"box-sizing: border-box; margin: 0px; padding: 0px; border: 0px; outline: 0px; font-style: inherit; font-variant: inherit; font-weight: inherit; font-stretch: inherit; line-height: inherit; font-family: inherit; vertical-align: baseline; text-size-adjust: none;\">Upaya tindak tegas pelaku kejahatan lingkungan, sejak Juli hingga Agustus 2019, KLHK telah melakukan pemantauan dan pengawasan beberapa lokasi khususnya Riau, Jambi, Sumsel, Kalbar, dan Kalteng.&nbsp;</span><span style=\"box-sizing: border-box; margin: 0px; padding: 0px; border: 0px; outline: 0px; font-style: inherit; font-variant: inherit; font-weight: inherit; font-stretch: inherit; line-height: inherit; font-family: inherit; vertical-align: baseline; text-size-adjust: none;\">Hingga berita ini diluncurkan, KLHK tetap melakukan upaya penyegelan dan penegakan hukum terhadap beberapa perusahaan pelaku kebakaran hutan dan lahan.&nbsp;</span></p>\r\n<p style=\"box-sizing: border-box; margin: 0px 0px -15px; padding: 1em 0px; border: 0px; outline: 0px; font-variant-numeric: inherit; font-variant-east-asian: inherit; font-stretch: inherit; font-size: 15px; line-height: 1.6; font-family: \'Open Sans\', sans-serif; vertical-align: baseline; text-size-adjust: none; position: relative; color: #333333 !important;\"><span style=\"box-sizing: border-box; margin: 0px; padding: 0px; border: 0px; outline: 0px; font-style: inherit; font-variant: inherit; font-weight: inherit; font-stretch: inherit; line-height: inherit; font-family: inherit; vertical-align: baseline; text-size-adjust: none;\">Hingga hari ini, Sabtu (!4/09/2019) tercatat ada 42 lokasi perusahaan yang telah dilakukan penyegelan dan 1 adalah lahan milik masyarakat. Dua lokasi ada di Provinsi Jambi, lima lokasi yang disegel ada di Provinsi Riau, dan sisanya di Sumatera Selatan, Kalimantan Barat, dan paling besar jumlahnya adalah di Provinsi Kalimantan Tengah.&nbsp;</span><span style=\"box-sizing: border-box; margin: 0px; padding: 0px; border: 0px; outline: 0px; font-style: inherit; font-variant: inherit; font-weight: inherit; font-stretch: inherit; line-height: inherit; font-family: inherit; vertical-align: baseline; text-size-adjust: none;\">Beberapa perusahaan yang disegel diketahui milik pemodal asing, satu perusahaan milik pemodal asal Singapura dan tiga milik pemodal asal Malaysia. Atas hal ini, KLHK meminta pihak pemberi izin untuk mendapatkan ganjaran administratif berupa pencabutan izin.</span></p>\r\n<p style=\"box-sizing: border-box; margin: 0px 0px -15px; padding: 1em 0px; border: 0px; outline: 0px; font-variant-numeric: inherit; font-variant-east-asian: inherit; font-stretch: inherit; font-size: 15px; line-height: 1.6; font-family: \'Open Sans\', sans-serif; vertical-align: baseline; text-size-adjust: none; position: relative; color: #333333 !important;\"><span style=\"box-sizing: border-box; margin: 0px; padding: 0px; border: 0px; outline: 0px; font-style: inherit; font-variant: inherit; font-weight: inherit; font-stretch: inherit; line-height: inherit; font-family: inherit; vertical-align: baseline; text-size-adjust: none;\"><a style=\"box-sizing: border-box; margin: 0px; padding: 0px; border: 0px; outline: 0px; background-color: transparent; font-style: inherit; font-variant: inherit; font-weight: inherit; font-stretch: inherit; line-height: inherit; font-family: inherit; vertical-align: baseline; text-size-adjust: none; cursor: pointer; color: #ff6c3a;\" href=\"https://ppid.menlhk.go.id/siaran_pers/browse/2099\">Sumber</a></span></p>','posts/September2019/4bmO2ip4p9ncUm6T8BdH.jpg','sinergi-antarlembaga-pemerintah-kendalikan-karhutla',NULL,NULL,'PUBLISHED',1,'2019-09-16 13:19:40','2019-09-16 13:43:02'),(10,1,2,'Presiden: Pulau Nias Pilar Pertumbuhan Ekonomi Nasional',NULL,NULL,'<p class=\"p1\" style=\"box-sizing: border-box; margin: 0px 0px -15px; padding: 1em 0px; border: 0px; outline: 0px; font-variant-numeric: inherit; font-variant-east-asian: inherit; font-stretch: inherit; font-size: 15px; line-height: 1.6; font-family: \'Open Sans\', sans-serif; vertical-align: baseline; text-size-adjust: none; position: relative; color: #333333 !important;\">Nias Selatan, Kominfo &ndash; Presiden Joko Widodo menekankan bahwa, salah satu pilar pertumbuhan perekonomian Indonesia adalah di sektor pariwisata. Kepulauan Nias menurut Presiden Jokowi menjadi bagian dari pertumbuhan tersebut.</p>\r\n<p class=\"p1\" style=\"box-sizing: border-box; margin: 0px 0px -15px; padding: 1em 0px; border: 0px; outline: 0px; font-variant-numeric: inherit; font-variant-east-asian: inherit; font-stretch: inherit; font-size: 15px; line-height: 1.6; font-family: \'Open Sans\', sans-serif; vertical-align: baseline; text-size-adjust: none; position: relative; color: #333333 !important;\">Hal itu disampaikan Menteri Koordinator Bidang Kemaritiman (Menko Maritim) Luhut Binsar Panjaitan saat mewakili Presiden Joko Widodo membuka puncak acara Sail Nias 2019<span class=\"Apple-converted-space\" style=\"box-sizing: border-box; margin: 0px; padding: 0px; border: 0px; outline: 0px; font-style: inherit; font-variant: inherit; font-weight: inherit; font-stretch: inherit; line-height: inherit; font-family: inherit; vertical-align: baseline; text-size-adjust: none;\">&nbsp;</span></p>\r\n<p class=\"p1\" style=\"box-sizing: border-box; margin: 0px 0px -15px; padding: 1em 0px; border: 0px; outline: 0px; font-variant-numeric: inherit; font-variant-east-asian: inherit; font-stretch: inherit; font-size: 15px; line-height: 1.6; font-family: \'Open Sans\', sans-serif; vertical-align: baseline; text-size-adjust: none; position: relative; color: #333333 !important;\">&ldquo;Salah satu pilar pertumbuhan kita sekarang menurut Presiden adalah pariwisata, Nias masuk dalam itu,&rdquo; kata Menko Luhut di Pelabuhan Baru Teluk Dalam, Nias Selatan, Sabtu (14/09/2019).</p>\r\n<p class=\"p1\" style=\"box-sizing: border-box; margin: 0px 0px -15px; padding: 1em 0px; border: 0px; outline: 0px; font-variant-numeric: inherit; font-variant-east-asian: inherit; font-stretch: inherit; font-size: 15px; line-height: 1.6; font-family: \'Open Sans\', sans-serif; vertical-align: baseline; text-size-adjust: none; position: relative; color: #333333 !important;\">Atas nama pemerintah, Menko Luhut juga meminta kepada seluruh masyarakat di Kepulauan Nias agar secara bersama-sama merespon positif perkembangan tersebut.</p>\r\n<p class=\"p1\" style=\"box-sizing: border-box; margin: 0px 0px -15px; padding: 1em 0px; border: 0px; outline: 0px; font-variant-numeric: inherit; font-variant-east-asian: inherit; font-stretch: inherit; font-size: 15px; line-height: 1.6; font-family: \'Open Sans\', sans-serif; vertical-align: baseline; text-size-adjust: none; position: relative; color: #333333 !important;\">&ldquo;Saya mohon dengan sangat teman-teman di Nias ini, kita sama-sama membangkitkan diri, menyiapkan diri dan menyambut nanti kalau para investor pariwisata datang ke Nias,&rdquo; ujarnya.<span class=\"Apple-converted-space\" style=\"box-sizing: border-box; margin: 0px; padding: 0px; border: 0px; outline: 0px; font-style: inherit; font-variant: inherit; font-weight: inherit; font-stretch: inherit; line-height: inherit; font-family: inherit; vertical-align: baseline; text-size-adjust: none;\">&nbsp;</span><span style=\"box-sizing: border-box; margin: 0px; padding: 0px; border: 0px; outline: 0px; font-style: inherit; font-variant: inherit; font-weight: inherit; font-stretch: inherit; font-size: 12.16px; line-height: inherit; font-family: inherit; vertical-align: baseline; text-size-adjust: none;\">&nbsp;</span></p>\r\n<p class=\"p1\" style=\"box-sizing: border-box; margin: 0px 0px -15px; padding: 1em 0px; border: 0px; outline: 0px; font-variant-numeric: inherit; font-variant-east-asian: inherit; font-stretch: inherit; font-size: 15px; line-height: 1.6; font-family: \'Open Sans\', sans-serif; vertical-align: baseline; text-size-adjust: none; position: relative; color: #333333 !important;\">Lebih lanjut, Menko Luhut mengatakan, meskipun Presiden Joko Widodo batal menghadiri puncak acara Sail Nias 2019 karena dalam suasana berkabung. Namun, Presiden sebelumnya antusias menghadiri acara tersebut.<span style=\"box-sizing: border-box; margin: 0px; padding: 0px; border: 0px; outline: 0px; font-style: inherit; font-variant: inherit; font-weight: inherit; font-stretch: inherit; font-size: 12.16px; line-height: inherit; font-family: inherit; vertical-align: baseline; text-size-adjust: none;\">&nbsp;</span></p>\r\n<p class=\"p1\" style=\"box-sizing: border-box; margin: 0px 0px -15px; padding: 1em 0px; border: 0px; outline: 0px; font-variant-numeric: inherit; font-variant-east-asian: inherit; font-stretch: inherit; font-size: 15px; line-height: 1.6; font-family: \'Open Sans\', sans-serif; vertical-align: baseline; text-size-adjust: none; position: relative; color: #333333 !important;\">&ldquo;Beliau menyampaikan sangat sangat menyesal sekali tidak bisa hadir pada saat hari yang berbahagia ini, padahal beliau ikut mendorong kami untuk ke Nias Ini. Presiden mengatakan Sail Nias surfing ini berkelas,&rdquo; ucap Menko Luhut saat menyampaikan pesan Presiden Joko Widodo.</p>\r\n<p class=\"p2\" style=\"box-sizing: border-box; margin: 0px 0px -15px; padding: 1em 0px; border: 0px; outline: 0px; font-variant-numeric: inherit; font-variant-east-asian: inherit; font-stretch: inherit; font-size: 15px; line-height: 1.6; font-family: \'Open Sans\', sans-serif; vertical-align: baseline; text-size-adjust: none; position: relative; color: #333333 !important;\"><span style=\"box-sizing: border-box; margin: 0px; padding: 0px; border: 0px; outline: 0px; font-style: inherit; font-variant: inherit; font-weight: inherit; font-stretch: inherit; font-size: 12.16px; line-height: inherit; font-family: inherit; vertical-align: baseline; text-size-adjust: none;\">Turut hadir mendampingi Menko Luhut, Menteri Hukum dan Hak Asasi Manusia (Menkumham) yang juga Ketua Panitia Nasional Sail Nias 2019 Yasonna Laoly.</span><span class=\"Apple-converted-space\" style=\"box-sizing: border-box; margin: 0px; padding: 0px; border: 0px; outline: 0px; font-style: inherit; font-variant: inherit; font-weight: inherit; font-stretch: inherit; font-size: 12.16px; line-height: inherit; font-family: inherit; vertical-align: baseline; text-size-adjust: none;\">&nbsp;</span></p>\r\n<p class=\"p1\" style=\"box-sizing: border-box; margin: 0px 0px -15px; padding: 1em 0px; border: 0px; outline: 0px; font-variant-numeric: inherit; font-variant-east-asian: inherit; font-stretch: inherit; font-size: 15px; line-height: 1.6; font-family: \'Open Sans\', sans-serif; vertical-align: baseline; text-size-adjust: none; position: relative; color: #333333 !important;\">Selanjutnya Menteri Desa, Pembangunan Daerah Tertinggal dan Transmigrasi Eko Putro Sandjojo, Menteri Pariwisata Arief Yahya, Menteri Kelautan dan Perikanan Susi Pudjiastuti dan beberapa pejabat negara lainnya.</p>\r\n<p class=\"p1\" style=\"box-sizing: border-box; margin: 0px 0px -15px; padding: 1em 0px; border: 0px; outline: 0px; font-variant-numeric: inherit; font-variant-east-asian: inherit; font-stretch: inherit; font-size: 15px; line-height: 1.6; font-family: \'Open Sans\', sans-serif; vertical-align: baseline; text-size-adjust: none; position: relative; color: #333333 !important;\"><span style=\"box-sizing: border-box; margin: 0px; padding: 0px; border: none; outline: 0px; font-weight: bold; text-size-adjust: none; color: #000000;\">Nias Punya Potensi Wisata Dunia</span></p>\r\n<p class=\"p1\" style=\"box-sizing: border-box; margin: 0px 0px -15px; padding: 1em 0px; border: 0px; outline: 0px; font-variant-numeric: inherit; font-variant-east-asian: inherit; font-stretch: inherit; font-size: 15px; line-height: 1.6; font-family: \'Open Sans\', sans-serif; vertical-align: baseline; text-size-adjust: none; position: relative; color: #333333 !important;\">Momentum Sail Nias 2019 mendapatkan dukungan penuh berbagai pihak. Mulai dari pemerintah daerah, provinsi hingga pemerintah pusat menaruh perhatian besar atas terselenggaranya event tahunan tersebut.<span class=\"Apple-converted-space\" style=\"box-sizing: border-box; margin: 0px; padding: 0px; border: 0px; outline: 0px; font-style: inherit; font-variant: inherit; font-weight: inherit; font-stretch: inherit; line-height: inherit; font-family: inherit; vertical-align: baseline; text-size-adjust: none;\">&nbsp;</span></p>\r\n<p class=\"p1\" style=\"box-sizing: border-box; margin: 0px 0px -15px; padding: 1em 0px; border: 0px; outline: 0px; font-variant-numeric: inherit; font-variant-east-asian: inherit; font-stretch: inherit; font-size: 15px; line-height: 1.6; font-family: \'Open Sans\', sans-serif; vertical-align: baseline; text-size-adjust: none; position: relative; color: #333333 !important;\">Hal itu terlihat saat terselenggaranya acara puncak Sail Nias 2019 di Pelabuhan Baru Teluk Dalam, Kabupaten Nias Selatan dengan menghadirkan beberapa menteri strategis di sektor pariwisata dan perdagangan.</p>\r\n<p class=\"p1\" style=\"box-sizing: border-box; margin: 0px 0px -15px; padding: 1em 0px; border: 0px; outline: 0px; font-variant-numeric: inherit; font-variant-east-asian: inherit; font-stretch: inherit; font-size: 15px; line-height: 1.6; font-family: \'Open Sans\', sans-serif; vertical-align: baseline; text-size-adjust: none; position: relative; color: #333333 !important;\">&ldquo;Nias memiliki potensi wisata kelas dunia sebagai lokasi surfing terbaik di dunia, dan juga merupakan tempat arkeologi megalitikum,&rdquo; kata Gubernur Sumatera Utara (Sumut) Edy Rahmayadi dalam sambutannya di puncak acara Sail Nias 2019, Sabtu (14/9).<span class=\"Apple-converted-space\" style=\"box-sizing: border-box; margin: 0px; padding: 0px; border: 0px; outline: 0px; font-style: inherit; font-variant: inherit; font-weight: inherit; font-stretch: inherit; line-height: inherit; font-family: inherit; vertical-align: baseline; text-size-adjust: none;\">&nbsp;</span></p>\r\n<p class=\"p1\" style=\"box-sizing: border-box; margin: 0px 0px -15px; padding: 1em 0px; border: 0px; outline: 0px; font-variant-numeric: inherit; font-variant-east-asian: inherit; font-stretch: inherit; font-size: 15px; line-height: 1.6; font-family: \'Open Sans\', sans-serif; vertical-align: baseline; text-size-adjust: none; position: relative; color: #333333 !important;\">Edy mengatakan, masyarakat Sumatera Utara khususnya di Kepulauan Nias mengucapkan terima kasih atas perhatian pemerintah pusat dalam menyelenggarakan Sail tahun ini di Nias.</p>\r\n<p class=\"p1\" style=\"box-sizing: border-box; margin: 0px 0px -15px; padding: 1em 0px; border: 0px; outline: 0px; font-variant-numeric: inherit; font-variant-east-asian: inherit; font-stretch: inherit; font-size: 15px; line-height: 1.6; font-family: \'Open Sans\', sans-serif; vertical-align: baseline; text-size-adjust: none; position: relative; color: #333333 !important;\">\"Kami berharap kiranya selalu berkenan pemerintah memberi perhatian pada sektor pariwisata di Nias Selatan,\" imbuhnya<span class=\"Apple-converted-space\" style=\"box-sizing: border-box; margin: 0px; padding: 0px; border: 0px; outline: 0px; font-style: inherit; font-variant: inherit; font-weight: inherit; font-stretch: inherit; line-height: inherit; font-family: inherit; vertical-align: baseline; text-size-adjust: none;\">&nbsp;</span></p>\r\n<p class=\"p1\" style=\"box-sizing: border-box; margin: 0px 0px -15px; padding: 1em 0px; border: 0px; outline: 0px; font-variant-numeric: inherit; font-variant-east-asian: inherit; font-stretch: inherit; font-size: 15px; line-height: 1.6; font-family: \'Open Sans\', sans-serif; vertical-align: baseline; text-size-adjust: none; position: relative; color: #333333 !important;\">Edy memaparkan, kunjungan wisatawan asing di Sumatera Utara pada tahun 2018 berdasarkan Data Badan Pusat Statistik Sumatera Utara bejumlah 231,465 wisatawan.</p>\r\n<p class=\"p1\" style=\"box-sizing: border-box; margin: 0px 0px -15px; padding: 1em 0px; border: 0px; outline: 0px; font-variant-numeric: inherit; font-variant-east-asian: inherit; font-stretch: inherit; font-size: 15px; line-height: 1.6; font-family: \'Open Sans\', sans-serif; vertical-align: baseline; text-size-adjust: none; position: relative; color: #333333 !important;\">\"Melalui penyelenggaraan event Sail Nias ini, diharapkan terdapat peningkatan angka kunjungan di Sumatera Utara, terutama kepulauan Nias,\" tutur Edy.<span class=\"Apple-converted-space\" style=\"box-sizing: border-box; margin: 0px; padding: 0px; border: 0px; outline: 0px; font-style: inherit; font-variant: inherit; font-weight: inherit; font-stretch: inherit; line-height: inherit; font-family: inherit; vertical-align: baseline; text-size-adjust: none;\">&nbsp;</span></p>\r\n<p class=\"p1\" style=\"box-sizing: border-box; margin: 0px 0px -15px; padding: 1em 0px; border: 0px; outline: 0px; font-variant-numeric: inherit; font-variant-east-asian: inherit; font-stretch: inherit; font-size: 15px; line-height: 1.6; font-family: \'Open Sans\', sans-serif; vertical-align: baseline; text-size-adjust: none; position: relative; color: #333333 !important;\">\"Saya berharap kita dapat jadi tuan rumah yang dapat memberi informasi dan layanan yang baik pada pengunjung baik lokal maupun manca negara,\" tambahnya</p>\r\n<p class=\"p1\" style=\"box-sizing: border-box; margin: 0px 0px -15px; padding: 1em 0px; border: 0px; outline: 0px; font-variant-numeric: inherit; font-variant-east-asian: inherit; font-stretch: inherit; font-size: 15px; line-height: 1.6; font-family: \'Open Sans\', sans-serif; vertical-align: baseline; text-size-adjust: none; position: relative; color: #333333 !important;\">Edy juga mengatakan, masyarakat kepulauan Nias telah berupaya semaksimal mungkin mempersiapkan&nbsp; event Sail Nias, dirinya berharap kegiatan tersebut dapat memperetat kesatuan bangsa demi keutuhan NKRI. **</p>','posts/September2019/UMDnY9G8Ahz96JgWC7k5.jpg','presiden-pulau-nias-pilar-pertumbuhan-ekonomi-nasional',NULL,NULL,'PUBLISHED',1,'2019-09-16 13:20:59','2019-09-16 13:41:26'),(11,6,4,'Melihat Lebih Dekat Kondisi Korban Kebakaran Tebet di Tenda Pengungsian',NULL,NULL,'<p><strong style=\"color: #2d2d2d; font-family: Helvetica, Arial; font-size: 16px;\">Jakarta</strong><span style=\"color: #2d2d2d; font-family: Helvetica, Arial; font-size: 16px;\">&nbsp;- Siang hari di tenda biru, orang-orang mengipasi tubuhnya dengan topi. Pengap tetap sulit diusir dari tenda pengungsian ini. Meski tak nyaman namun Pena Sukarti tetap bersyukur, yang penting nyawa keluarga selamat dari amukan</span><a style=\"text-decoration-line: none; color: #19378f; font-weight: bold; font-family: Helvetica, Arial; font-size: 16px;\" href=\"https://www.detik.com/tag/kebakaran-di-tebet\">&nbsp;si jago merah</a><span style=\"color: #2d2d2d; font-family: Helvetica, Arial; font-size: 16px;\">&nbsp;Rabu (10/7) kemarin.</span><br style=\"color: #2d2d2d; font-family: Helvetica, Arial; font-size: 16px;\" /><br style=\"color: #2d2d2d; font-family: Helvetica, Arial; font-size: 16px;\" /><span style=\"color: #2d2d2d; font-family: Helvetica, Arial; font-size: 16px;\">\"Udah lah, yang penting nyawa aja, yang penting anak-anak saya aja (bisa selamat),\" kata Pena Sukarti, ibu dua anak korban kebakaran Tebet di tenda pengungsian, SDN 05 Manggarai, Jl Swadaya 1, Tebet, Jakarta Selatan, Kamis (11/7/2019).</span><br style=\"color: #2d2d2d; font-family: Helvetica, Arial; font-size: 16px;\" /><br style=\"color: #2d2d2d; font-family: Helvetica, Arial; font-size: 16px;\" /><span style=\"color: #2d2d2d; font-family: Helvetica, Arial; font-size: 16px;\">Pena adalah salah satu korban kebakaran permukiman di Jl Swadaya 1. Ada 150 rumah yang hangus dilalap api. 778 Warga mengungsi. Halaman SDN 05 ini adalah salah satu dari tiga titik pengungsian keluarga korban kebakaran.</span></p>\r\n<p><span style=\"color: #2d2d2d; font-family: Helvetica, Arial; font-size: 16px;\">Di sini, empat tenda setinggi sekitar 2 meter dari Dinas Sosial DKI berdiri. Satu tenda masing-masing diisi sekitar enam hingga tujuh kepala keluarga. Di sini ada anak-anak dan balita.</span><br style=\"color: #2d2d2d; font-family: Helvetica, Arial; font-size: 16px;\" /><br style=\"color: #2d2d2d; font-family: Helvetica, Arial; font-size: 16px;\" /><span style=\"color: #2d2d2d; font-family: Helvetica, Arial; font-size: 16px;\">Namun karena gerah, banyak yang memilih nongkrong di luar tenda. Terlihat anak-anak kecil rebahan di atas tikar. Orang-orang dewasa berbincang satu sama lain di sana-sini berbagi pengalaman tentang bagaimana mereka menyelamatkan diri dari kebakaran.</span></p>\r\n<p><span style=\"color: #2d2d2d; font-family: Helvetica, Arial; font-size: 16px;\">\"Saya lagi di lantai dua rumah saya, udah gitu ada yang teriak, \'Kebakaran!\' Langsung, saya turun ke bawah, apinya sudah gede! Ternyata (kebakaran) sudah sampai di samping rumah saya,\" kata Pena Sukarti.</span></p>\r\n<p><span style=\"color: #2d2d2d; font-family: Helvetica, Arial; font-size: 16px;\">Di rumahnya, RT 13 RW 07, dia tinggal bersama suami dan anaknya. Beruntung, Pena sudah mengenali lingkungan ini. Dia paham bahwa deretan rumah yang dia tinggali rentan kebakaran. Maka surat-surat penting dia kumpulkan di satu tempat yang mudah diakses dan diselamatkan.</span><br style=\"color: #2d2d2d; font-family: Helvetica, Arial; font-size: 16px;\" /><br style=\"color: #2d2d2d; font-family: Helvetica, Arial; font-size: 16px;\" /><span style=\"color: #2d2d2d; font-family: Helvetica, Arial; font-size: 16px;\">\"Udah, saya lari sama anak saya, mau balik lagi udah nggak ada. Suami saya ikut bantu menghadapi (api) tapi nggak bisa. Terlambat,\" kata Pena.</span></p>','posts/September2019/jk6xDW2ROU8HWhFvVYln.jpeg','melihat-lebih-dekat-kondisi-korban-kebakaran-tebet-di-tenda-pengungsian',NULL,NULL,'PUBLISHED',0,'2019-09-16 14:16:16','2019-09-16 14:16:16');
/*!40000 ALTER TABLE `posts` ENABLE KEYS */;
UNLOCK TABLES;

--
-- Table structure for table `roles`
--

DROP TABLE IF EXISTS `roles`;
/*!40101 SET @saved_cs_client     = @@character_set_client */;
/*!50503 SET character_set_client = utf8mb4 */;
CREATE TABLE `roles` (
  `id` bigint(20) unsigned NOT NULL AUTO_INCREMENT,
  `name` varchar(255) CHARACTER SET utf8mb4 COLLATE utf8mb4_unicode_ci NOT NULL,
  `display_name` varchar(255) CHARACTER SET utf8mb4 COLLATE utf8mb4_unicode_ci NOT NULL,
  `created_at` timestamp NULL DEFAULT NULL,
  `updated_at` timestamp NULL DEFAULT NULL,
  PRIMARY KEY (`id`),
  UNIQUE KEY `roles_name_unique` (`name`)
) ENGINE=InnoDB AUTO_INCREMENT=6 DEFAULT CHARSET=utf8mb4 COLLATE=utf8mb4_unicode_ci;
/*!40101 SET character_set_client = @saved_cs_client */;

--
-- Dumping data for table `roles`
--

LOCK TABLES `roles` WRITE;
/*!40000 ALTER TABLE `roles` DISABLE KEYS */;
INSERT INTO `roles` VALUES (1,'admin','Administrator','2019-07-09 03:48:38','2019-07-09 03:48:38'),(2,'user','Normal User','2019-07-09 03:48:38','2019-07-09 03:48:38'),(3,'site admin','Site Admin','2019-07-10 22:40:27','2019-07-10 22:40:53'),(4,'kepala dinas','Kepala Dinas','2019-07-12 19:39:50','2019-07-12 19:39:50'),(5,'Opd','Opd','2019-07-20 07:14:35','2019-07-20 07:14:35');
/*!40000 ALTER TABLE `roles` ENABLE KEYS */;
UNLOCK TABLES;

--
-- Table structure for table `settings`
--

DROP TABLE IF EXISTS `settings`;
/*!40101 SET @saved_cs_client     = @@character_set_client */;
/*!50503 SET character_set_client = utf8mb4 */;
CREATE TABLE `settings` (
  `id` int(10) unsigned NOT NULL AUTO_INCREMENT,
  `key` varchar(255) CHARACTER SET utf8mb4 COLLATE utf8mb4_unicode_ci NOT NULL,
  `display_name` varchar(255) CHARACTER SET utf8mb4 COLLATE utf8mb4_unicode_ci NOT NULL,
  `value` text CHARACTER SET utf8mb4 COLLATE utf8mb4_unicode_ci,
  `details` text CHARACTER SET utf8mb4 COLLATE utf8mb4_unicode_ci,
  `type` varchar(255) CHARACTER SET utf8mb4 COLLATE utf8mb4_unicode_ci NOT NULL,
  `order` int(11) NOT NULL DEFAULT '1',
  `group` varchar(255) CHARACTER SET utf8mb4 COLLATE utf8mb4_unicode_ci DEFAULT NULL,
  PRIMARY KEY (`id`),
  UNIQUE KEY `settings_key_unique` (`key`)
) ENGINE=InnoDB AUTO_INCREMENT=20 DEFAULT CHARSET=utf8mb4 COLLATE=utf8mb4_unicode_ci;
/*!40101 SET character_set_client = @saved_cs_client */;

--
-- Dumping data for table `settings`
--

LOCK TABLES `settings` WRITE;
/*!40000 ALTER TABLE `settings` DISABLE KEYS */;
INSERT INTO `settings` VALUES (1,'site.title','Site Title',NULL,'','text',1,'Site'),(2,'site.description','Site Description','Site Description','','text',2,'Site'),(3,'site.logo','Site Logo','','','image',3,'Site'),(4,'site.google_analytics_tracking_id','Google Analytics Tracking ID',NULL,'','text',4,'Site'),(5,'admin.bg_image','Admin Background Image','settings/July2019/DTQg03LNF8ubHrFHU3Uj.png','','image',6,'Admin'),(6,'admin.title','Admin Title','Kabupaten Muna','','text',1,'Admin'),(7,'admin.description','Admin Description','Selamat Datang di Website Kabupaten Muna','','text',2,'Admin'),(8,'admin.loader','Admin Loader','','','image',3,'Admin'),(9,'admin.icon_image','Admin Icon Image','settings/July2019/0kFeTRCLCObWWmTngVr0.png','','image',4,'Admin'),(10,'admin.google_analytics_client_id','Google Analytics Client ID (used for admin dashboard)','393422999489-i4ecl92od9p97rovf4ejcg6vfuucq5p7.apps.googleusercontent.com','','text',1,'Admin'),(12,'admin.auth_key','CMS Auth Key',NULL,'{\r\n    \"default\": bin2hex(openssl_random_pseudo_bytes(20));\r\n}','text',7,'Admin'),(13,'admin.email_address','Alamat email','tstngdv@gmail.com',NULL,'text',8,'Admin'),(14,'admin.password_email','Password email','devtest2019',NULL,'text',9,'Admin'),(15,'admin.email_host','Email Host','smtp.gmail.com',NULL,'text',10,'Admin'),(16,'admin.email_port','Email Port','465',NULL,'text',11,'Admin'),(17,'admin.email_sender','Email Sender','Admin Website Kabupaten Muna',NULL,'text',12,'Admin'),(19,'admin.email_encryption','Email Enkripsi','ssl','{\r\n    \"default\" : \"ssl\",\r\n    \"options\" : {\r\n        \"ssl\": \"SSL\",\r\n        \"tls\": \"TLS\"\r\n    }\r\n}','select_dropdown',13,'Admin');
/*!40000 ALTER TABLE `settings` ENABLE KEYS */;
UNLOCK TABLES;

--
-- Table structure for table `slider`
--

DROP TABLE IF EXISTS `slider`;
/*!40101 SET @saved_cs_client     = @@character_set_client */;
/*!50503 SET character_set_client = utf8mb4 */;
CREATE TABLE `slider` (
  `id` int(10) unsigned NOT NULL AUTO_INCREMENT,
  `user_id` int(10) unsigned DEFAULT NULL,
  `description` text CHARACTER SET utf8mb4 COLLATE utf8mb4_unicode_ci,
  `image` varchar(255) CHARACTER SET utf8mb4 COLLATE utf8mb4_unicode_ci DEFAULT NULL,
  `created_at` timestamp NULL DEFAULT NULL,
  `updated_at` timestamp NULL DEFAULT NULL,
  `title` varchar(255) CHARACTER SET utf8mb4 COLLATE utf8mb4_unicode_ci NOT NULL,
  `link` text COLLATE utf8mb4_unicode_ci,
  PRIMARY KEY (`id`)
) ENGINE=InnoDB AUTO_INCREMENT=4 DEFAULT CHARSET=utf8mb4 COLLATE=utf8mb4_unicode_ci;
/*!40101 SET character_set_client = @saved_cs_client */;

--
-- Dumping data for table `slider`
--

LOCK TABLES `slider` WRITE;
/*!40000 ALTER TABLE `slider` DISABLE KEYS */;
INSERT INTO `slider` VALUES (1,1,'Peluncuran website kabupaten muna','slider/September2019/ZKccdQnxaRy9U88jgaHP.jpg','2019-07-26 09:14:22','2019-09-16 14:53:41','Pemerintah Kabupaten Muna',NULL),(2,1,'MKP Susi Pudjiastuti Menghadiri Acara Fashion and Culture Festival 2019','slider/September2019/qbBHHhv2ASjBKATOdAF7.jpeg','2019-07-26 09:29:04','2019-09-16 14:58:40','Dinas Perikanan','https://fontawesome.com/icons?d=gallery'),(3,1,'Ambisi Petani Milenial Jadikan RI Lumbung Pangan Dunia Usai Berguru ke Jepang','slider/September2019/1M0X3VA1ZZvbIIrTYy9P.jpg','2019-09-16 15:05:31','2019-09-16 15:07:05','Dinas Pertanian',NULL);
/*!40000 ALTER TABLE `slider` ENABLE KEYS */;
UNLOCK TABLES;

--
-- Table structure for table `struktur_pemerintahan`
--

DROP TABLE IF EXISTS `struktur_pemerintahan`;
/*!40101 SET @saved_cs_client     = @@character_set_client */;
/*!50503 SET character_set_client = utf8mb4 */;
CREATE TABLE `struktur_pemerintahan` (
  `id` int(10) unsigned NOT NULL AUTO_INCREMENT,
  `jabatan` varchar(255) CHARACTER SET utf8mb4 COLLATE utf8mb4_unicode_ci NOT NULL,
  `nama` varchar(255) CHARACTER SET utf8mb4 COLLATE utf8mb4_unicode_ci NOT NULL,
  `tempat_lahir` varchar(255) CHARACTER SET utf8mb4 COLLATE utf8mb4_unicode_ci DEFAULT NULL,
  `tanggal_lahir` date DEFAULT NULL,
  `agama` varchar(255) CHARACTER SET utf8mb4 COLLATE utf8mb4_unicode_ci DEFAULT NULL,
  `pendidikan_terakhir` varchar(255) CHARACTER SET utf8mb4 COLLATE utf8mb4_unicode_ci DEFAULT NULL,
  `masa_bakti` varchar(255) CHARACTER SET utf8mb4 COLLATE utf8mb4_unicode_ci DEFAULT NULL,
  `alamat_rumah` varchar(255) CHARACTER SET utf8mb4 COLLATE utf8mb4_unicode_ci DEFAULT NULL,
  `alamat_kantor` varchar(255) CHARACTER SET utf8mb4 COLLATE utf8mb4_unicode_ci DEFAULT NULL,
  `telepon` varchar(255) CHARACTER SET utf8mb4 COLLATE utf8mb4_unicode_ci DEFAULT NULL,
  `email` varchar(255) CHARACTER SET utf8mb4 COLLATE utf8mb4_unicode_ci DEFAULT NULL,
  `biografi` longtext CHARACTER SET utf8mb4 COLLATE utf8mb4_unicode_ci,
  `atasan` int(10) unsigned DEFAULT NULL,
  `urutan` int(11) DEFAULT NULL,
  `image` varchar(255) CHARACTER SET utf8mb4 COLLATE utf8mb4_unicode_ci DEFAULT NULL,
  PRIMARY KEY (`id`)
) ENGINE=InnoDB AUTO_INCREMENT=6 DEFAULT CHARSET=utf8mb4 COLLATE=utf8mb4_unicode_ci;
/*!40101 SET character_set_client = @saved_cs_client */;

--
-- Dumping data for table `struktur_pemerintahan`
--

LOCK TABLES `struktur_pemerintahan` WRITE;
/*!40000 ALTER TABLE `struktur_pemerintahan` DISABLE KEYS */;
INSERT INTO `struktur_pemerintahan` VALUES (1,'Bupati','MUH. ZULKIFLI RACHMAN','sungguminasa','1992-04-18','ISLAM','D3 Informatika Komputer','2019 - 2024','jalan jalan','jalan jalan','081242200988','muh.zul.r@gmail.com','<p>mantap</p>',NULL,1,'struktur-pemerintahan/October2019/ZsTCX8NesgIKeZyWxrLl.jpg'),(2,'Wakil Bupati','YOSEPH PARAI','makassar','1992-05-04','Kristen','D3 Informatika Komputer','2019 - 2024',NULL,NULL,NULL,NULL,'<p>mantap juga</p>',1,2,'struktur-pemerintahan/October2019/yjZHkZYxTaHoTzCniqar.png'),(3,'Sekertaris Daerah','Muh. Rusdi','sungguminasa','1993-11-03','ISLAM','D3 Informatika Komputer','2019 - 2024',NULL,NULL,NULL,NULL,'<p>mantap jiwa</p>',1,2,'struktur-pemerintahan/October2019/uwfRPE7N7pFcr2OhnxJf.png'),(4,'KEPALA DINAS PERIKANAN','Jon Snow','Dorne','2011-01-03','Pohon menangis','Night Watch','2019 - 2024',NULL,NULL,NULL,NULL,'<p>you know nothing john snow</p>',1,3,'struktur-pemerintahan/October2019/DWmkev2N7kxyLBoaDQXt.png'),(5,'Kepala Sub Perikanan','Daenaerys','Kings Landing','2008-01-07','Penyembah naga indosiar','DRACARYS','2019 - 2024',NULL,NULL,NULL,NULL,'<p><img title=\"danau moko\" src=\"http://muna.pro/storage/struktur-pemerintahan/July2019/danau moko 1.jpg\" alt=\"danau moko\" /></p>\r\n<p>nanananana</p>',4,3,'struktur-pemerintahan/October2019/T3hEO0KhzOefzSeJCh4d.png');
/*!40000 ALTER TABLE `struktur_pemerintahan` ENABLE KEYS */;
UNLOCK TABLES;

--
-- Table structure for table `translations`
--

DROP TABLE IF EXISTS `translations`;
/*!40101 SET @saved_cs_client     = @@character_set_client */;
/*!50503 SET character_set_client = utf8mb4 */;
CREATE TABLE `translations` (
  `id` int(10) unsigned NOT NULL AUTO_INCREMENT,
  `table_name` varchar(255) CHARACTER SET utf8mb4 COLLATE utf8mb4_unicode_ci NOT NULL,
  `column_name` varchar(255) CHARACTER SET utf8mb4 COLLATE utf8mb4_unicode_ci NOT NULL,
  `foreign_key` int(10) unsigned NOT NULL,
  `locale` varchar(255) CHARACTER SET utf8mb4 COLLATE utf8mb4_unicode_ci NOT NULL,
  `value` text CHARACTER SET utf8mb4 COLLATE utf8mb4_unicode_ci NOT NULL,
  `created_at` timestamp NULL DEFAULT NULL,
  `updated_at` timestamp NULL DEFAULT NULL,
  PRIMARY KEY (`id`),
  UNIQUE KEY `translations_table_name_column_name_foreign_key_locale_unique` (`table_name`,`column_name`,`foreign_key`,`locale`)
) ENGINE=InnoDB AUTO_INCREMENT=31 DEFAULT CHARSET=utf8mb4 COLLATE=utf8mb4_unicode_ci;
/*!40101 SET character_set_client = @saved_cs_client */;

--
-- Dumping data for table `translations`
--

LOCK TABLES `translations` WRITE;
/*!40000 ALTER TABLE `translations` DISABLE KEYS */;
INSERT INTO `translations` VALUES (1,'data_types','display_name_singular',5,'pt','Post','2019-07-09 04:59:15','2019-07-09 04:59:15'),(2,'data_types','display_name_singular',6,'pt','Pgina','2019-07-09 04:59:16','2019-07-09 04:59:16'),(3,'data_types','display_name_singular',1,'pt','Utilizador','2019-07-09 04:59:19','2019-07-09 04:59:19'),(4,'data_types','display_name_singular',4,'pt','Categoria','2019-07-09 04:59:20','2019-07-09 04:59:20'),(5,'data_types','display_name_singular',2,'pt','Menu','2019-07-09 04:59:20','2019-07-09 04:59:20'),(6,'data_types','display_name_singular',3,'pt','Funo','2019-07-09 04:59:20','2019-07-09 04:59:20'),(7,'data_types','display_name_plural',5,'pt','Posts','2019-07-09 04:59:20','2019-07-09 04:59:20'),(8,'data_types','display_name_plural',6,'pt','Pginas','2019-07-09 04:59:20','2019-07-09 04:59:20'),(9,'data_types','display_name_plural',1,'pt','Utilizadores','2019-07-09 04:59:20','2019-07-09 04:59:20'),(10,'data_types','display_name_plural',4,'pt','Categorias','2019-07-09 04:59:21','2019-07-09 04:59:21'),(11,'data_types','display_name_plural',2,'pt','Menus','2019-07-09 04:59:21','2019-07-09 04:59:21'),(12,'data_types','display_name_plural',3,'pt','Funes','2019-07-09 04:59:21','2019-07-09 04:59:21'),(13,'categories','slug',1,'pt','categoria-1','2019-07-09 04:59:21','2019-07-09 04:59:21'),(14,'categories','name',1,'pt','Categoria 1','2019-07-09 04:59:21','2019-07-09 04:59:21'),(15,'categories','slug',2,'pt','categoria-2','2019-07-09 04:59:21','2019-07-09 04:59:21'),(16,'categories','name',2,'pt','Categoria 2','2019-07-09 04:59:21','2019-07-09 04:59:21'),(17,'pages','title',1,'pt','Ol Mundo','2019-07-09 04:59:21','2019-07-09 04:59:21'),(18,'pages','slug',1,'pt','ola-mundo','2019-07-09 04:59:21','2019-07-09 04:59:21'),(19,'pages','body',1,'pt','<p>Ol Mundo. Scallywag grog swab Cat o\'nine tails scuttle rigging hardtack cable nipper Yellow Jack. Handsomely spirits knave lad killick landlubber or just lubber deadlights chantey pinnace crack Jennys tea cup. Provost long clothes black spot Yellow Jack bilged on her anchor league lateen sail case shot lee tackle.</p>\r\n<p>Ballast spirits fluke topmast me quarterdeck schooner landlubber or just lubber gabion belaying pin. Pinnace stern galleon starboard warp carouser to go on account dance the hempen jig jolly boat measured fer yer chains. Man-of-war fire in the hole nipperkin handsomely doubloon barkadeer Brethren of the Coast gibbet driver squiffy.</p>','2019-07-09 04:59:22','2019-07-09 04:59:22'),(20,'menu_items','title',1,'pt','Painel de Controle','2019-07-09 04:59:22','2019-07-09 04:59:22'),(21,'menu_items','title',2,'pt','Media','2019-07-09 04:59:23','2019-07-09 04:59:23'),(22,'menu_items','title',14,'pt','Publicaes','2019-07-09 04:59:23','2019-07-09 04:59:23'),(23,'menu_items','title',3,'pt','Utilizadores','2019-07-09 04:59:23','2019-07-09 04:59:23'),(24,'menu_items','title',13,'pt','Categorias','2019-07-09 04:59:23','2019-07-09 04:59:23'),(25,'menu_items','title',15,'pt','Pginas','2019-07-09 04:59:23','2019-07-09 04:59:23'),(26,'menu_items','title',4,'pt','Funes','2019-07-09 04:59:23','2019-07-09 04:59:23'),(27,'menu_items','title',5,'pt','Ferramentas','2019-07-09 04:59:24','2019-07-09 04:59:24'),(28,'menu_items','title',6,'pt','Menus','2019-07-09 04:59:24','2019-07-09 04:59:24'),(29,'menu_items','title',7,'pt','Base de dados','2019-07-09 04:59:24','2019-07-09 04:59:24'),(30,'menu_items','title',10,'pt','Configuraes','2019-07-09 04:59:24','2019-07-09 04:59:24');
/*!40000 ALTER TABLE `translations` ENABLE KEYS */;
UNLOCK TABLES;

--
-- Table structure for table `user_roles`
--

DROP TABLE IF EXISTS `user_roles`;
/*!40101 SET @saved_cs_client     = @@character_set_client */;
/*!50503 SET character_set_client = utf8mb4 */;
CREATE TABLE `user_roles` (
  `user_id` bigint(20) unsigned NOT NULL,
  `role_id` bigint(20) unsigned NOT NULL,
  PRIMARY KEY (`user_id`,`role_id`),
  KEY `user_roles_user_id_index` (`user_id`),
  KEY `user_roles_role_id_index` (`role_id`),
  CONSTRAINT `user_roles_role_id_foreign` FOREIGN KEY (`role_id`) REFERENCES `roles` (`id`) ON DELETE CASCADE,
  CONSTRAINT `user_roles_user_id_foreign` FOREIGN KEY (`user_id`) REFERENCES `users` (`id`) ON DELETE CASCADE
) ENGINE=InnoDB DEFAULT CHARSET=utf8mb4 COLLATE=utf8mb4_unicode_ci;
/*!40101 SET character_set_client = @saved_cs_client */;

--
-- Dumping data for table `user_roles`
--

LOCK TABLES `user_roles` WRITE;
/*!40000 ALTER TABLE `user_roles` DISABLE KEYS */;
/*!40000 ALTER TABLE `user_roles` ENABLE KEYS */;
UNLOCK TABLES;

--
-- Table structure for table `users`
--

DROP TABLE IF EXISTS `users`;
/*!40101 SET @saved_cs_client     = @@character_set_client */;
/*!50503 SET character_set_client = utf8mb4 */;
CREATE TABLE `users` (
  `id` bigint(20) unsigned NOT NULL AUTO_INCREMENT,
  `role_id` bigint(20) unsigned DEFAULT NULL,
  `name` varchar(255) CHARACTER SET utf8mb4 COLLATE utf8mb4_unicode_ci NOT NULL,
  `email` varchar(255) CHARACTER SET utf8mb4 COLLATE utf8mb4_unicode_ci NOT NULL,
  `avatar` varchar(255) CHARACTER SET utf8mb4 COLLATE utf8mb4_unicode_ci DEFAULT 'users/default.png',
  `email_verified_at` timestamp NULL DEFAULT NULL,
  `password` varchar(255) CHARACTER SET utf8mb4 COLLATE utf8mb4_unicode_ci NOT NULL,
  `remember_token` varchar(100) CHARACTER SET utf8mb4 COLLATE utf8mb4_unicode_ci DEFAULT NULL,
  `settings` text CHARACTER SET utf8mb4 COLLATE utf8mb4_unicode_ci,
  `created_at` timestamp NULL DEFAULT NULL,
  `updated_at` timestamp NULL DEFAULT NULL,
  PRIMARY KEY (`id`),
  UNIQUE KEY `users_email_unique` (`email`),
  KEY `users_role_id_foreign` (`role_id`),
  CONSTRAINT `users_role_id_foreign` FOREIGN KEY (`role_id`) REFERENCES `roles` (`id`)
) ENGINE=InnoDB AUTO_INCREMENT=7 DEFAULT CHARSET=utf8mb4 COLLATE=utf8mb4_unicode_ci;
/*!40101 SET character_set_client = @saved_cs_client */;

--
-- Dumping data for table `users`
--

LOCK TABLES `users` WRITE;
/*!40000 ALTER TABLE `users` DISABLE KEYS */;
INSERT INTO `users` VALUES (1,1,'Muh. Zulkifli R','admin@admin.com','users/default.png',NULL,'$2y$10$Fw5c6RztVzphHAyPmI4KquA0OOx/tT.i8L.Hat7js2omMXrvz5j1O',NULL,'{\"locale\":\"id\"}','2019-07-09 03:55:08','2019-10-02 04:33:06'),(2,4,'Bambang','bambang@example.com','users/September2019/bFgMe7Amphd7UBOC0hYV.jpg',NULL,'$2y$10$mAg3v9LsUnvqOtJAElM7De2AkhAXf6U5A9NJXQoOymvRLbMsEP6I6',NULL,'{\"locale\":\"en\"}','2019-07-12 19:40:41','2019-09-16 14:13:19'),(3,5,'Badan kesatuan bangsa','badankesatuanbangsa@munakab.go.id','users/default.png',NULL,'$2y$10$qppXJfLZWWvnBILx8R46i.zmGtSA3EX4qI2YAY94xnJoVY9nJSWm6',NULL,'{\"locale\":\"en\"}','2019-07-20 07:27:32','2019-07-20 07:27:32'),(4,5,'Dinas Kelautan dan Perikanan','kelautandanperikanan@munakab.go.id','users/default.png',NULL,'$2y$10$k92zhvd9JcLxSZ5IgH.BLeyGBKtd6KBsOLfBB7lYNyPHbn4O3asMS',NULL,'{\"locale\":\"en\"}','2019-07-21 22:05:01','2019-07-21 22:05:01'),(5,5,'Dinas Pertanian','pertanian@munakab.go.id','users/default.png',NULL,'$2y$10$tvVVZmf5Xuo7o.GLz8eK2OGeEuRzmik.eL3dyohisWOwOlGNlI6ru',NULL,'{\"locale\":\"en\"}','2019-07-21 22:05:40','2019-07-21 22:05:40'),(6,5,'Admin Dinsos','admin@dinsos','users/September2019/tkLH5NLAFyaunzB2CU5b.jpg',NULL,'$2y$10$JFVKkYcbOzE1NC5MCtduE.5fWibYRoaOXRoFVDEldcbAKXwfpasAK',NULL,'{\"locale\":\"en\"}','2019-09-16 14:12:43','2019-09-16 14:12:43');
/*!40000 ALTER TABLE `users` ENABLE KEYS */;
UNLOCK TABLES;
/*!40103 SET TIME_ZONE=@OLD_TIME_ZONE */;

/*!40101 SET SQL_MODE=@OLD_SQL_MODE */;
/*!40014 SET FOREIGN_KEY_CHECKS=@OLD_FOREIGN_KEY_CHECKS */;
/*!40014 SET UNIQUE_CHECKS=@OLD_UNIQUE_CHECKS */;
/*!40101 SET CHARACTER_SET_CLIENT=@OLD_CHARACTER_SET_CLIENT */;
/*!40101 SET CHARACTER_SET_RESULTS=@OLD_CHARACTER_SET_RESULTS */;
/*!40101 SET COLLATION_CONNECTION=@OLD_COLLATION_CONNECTION */;
/*!40111 SET SQL_NOTES=@OLD_SQL_NOTES */;

-- Dump completed on 2020-01-10  6:22:50
